,Repository,Classification
0,VoxFormer, A
1,VoxFormer, A
2,VoxFormer, A
3,VoxFormer, A
4,VoxFormer, A
5,VoxFormer, A
6,VoxFormer, A
7,VoxFormer, A
8,VoxFormer, A
9,VoxFormer, A
10,VoxFormer, A
11,VoxFormer, A
12,VoxFormer, A
13,VoxFormer, A
14,VoxFormer, A
15,VoxFormer, A
16,VoxFormer, A
17,VoxFormer, A
18,VoxFormer, A
19,VoxFormer, A
20,VoxFormer, A
21,VoxFormer, A
22,VoxFormer, A
23,VoxFormer, A
24,VoxFormer, A
25,VoxFormer, A
26,VoxFormer, A
27,VoxFormer, A
28,VoxFormer, A
29,VoxFormer, A
30,VoxFormer, A
31,VoxFormer, A
32,VoxFormer, A
33,VoxFormer, A
34,VoxFormer, A
35,VoxFormer, A
36,VoxFormer, A
37,VoxFormer, A
38,VoxFormer, A
39,VoxFormer, A
40,VoxFormer, A
41,VoxFormer, A
42,VoxFormer, A
43,VoxFormer, A
44,VoxFormer, A
45,VoxFormer, A
46,VoxFormer, A
47,VoxFormer, A
48,VoxFormer, A
49,VoxFormer, A
50,VoxFormer, A
51,VoxFormer, A
52,VoxFormer, A
53,VoxFormer, A
54,VoxFormer, A
55,VoxFormer, A
56,VoxFormer, A
57,VoxFormer, A
58,VoxFormer, A
59,VoxFormer, A
60,VoxFormer, A
61,VoxFormer, A
62,VoxFormer, A
63,VoxFormer, A
64,VoxFormer, A
65,VoxFormer, A
66,VoxFormer, A
67,pylot, A
68,pylot, A
69,pylot, A
70,pylot, A
71,pylot, A
72,pylot, A
73,pylot, A
74,pylot, A
75,pylot, A
76,pylot, A
77,pylot, A
78,pylot, A
79,pylot, A
80,pylot, A
81,pylot, A
82,pylot, A
83,pylot, A
84,pylot, A
85,pylot, A
86,pylot, A
87,pylot, A
88,pylot, A
89,pylot, A
90,pylot, A
91,pylot, A
92,pylot, A
93,pylot, A
94,pylot, A
95,pylot, A
96,pylot, A
97,pylot, A
98,pylot, A
99,pylot, A
100,pylot, A
101,pylot, A
102,pylot, A
103,pylot, A
104,pylot, A
105,pylot, A
106,pylot, A
107,pylot, A
108,pylot, A
109,pylot, A
110,pylot, A
111,pylot, A
112,pylot, A
113,pylot, A
114,pylot, A
115,pylot, A
116,pylot, A
117,pylot, A
118,pylot, A
119,pylot, A
120,pylot, A
121,pylot, A
122,pylot, A
123,pylot, A
124,pylot, A
125,pylot, A
126,pylot, A
127,pylot, A
128,pylot, A
129,pylot, A
130,pylot, A
131,pylot, A
132,pylot, A
133,pylot, A
134,pylot, A
135,pylot, A
136,pylot, A
137,pylot, A
138,pylot, A
139,pylot, A
140,pylot, A
141,pylot, A
142,pylot, A
143,pylot, A
144,pylot, A
145,pylot, A
146,pylot, A
147,pylot, A
148,pylot, A
149,pylot, A
150,pylot, A
151,pylot, A
152,pylot, A
153,pylot, A
154,pylot, A
155,pylot, A
156,pylot, A
157,pylot, A
158,pylot, A
159,pylot, A
160,pylot, A
161,pylot, A
162,pylot, A
163,pylot, A
164,pylot, A
165,pylot, A
166,pylot, A
167,pylot, A
168,pylot, A
169,pylot, A
170,pylot, A
171,pylot, A
172,pylot, A
173,pylot, A
174,pylot, A
175,pylot, A
176,pylot, A
177,pylot, A
178,pylot, A
179,pylot, A
180,pylot, A
181,pylot, A
182,pylot, A
183,pylot, A
184,pylot, A
185,pylot, A
186,pylot, A
187,pylot, A
188,pylot, A
189,pylot, A
190,pylot, A
191,pylot, A
192,pylot, A
193,pylot, A
194,pylot, A
195,pylot, A
196,pylot, A
197,pylot, A
198,pylot, A
199,pylot, A
200,pylot, A
201,pylot, A
202,pylot, A
203,pylot, A
204,pylot, A
205,pylot, A
206,pylot, A
207,pylot, A
208,pylot, A
209,pylot, A
210,pylot, A
211,pylot, A
212,pylot, A
213,pylot, A
214,pylot, A
215,pylot, A
216,pylot, A
217,pylot, A
218,pylot, A
219,pylot, A
220,pylot, A
221,pylot, A
222,pylot, A
223,pylot, A
224,pylot, A
225,Cam2BEV, A
226,Cam2BEV, A
227,Cam2BEV, A
228,Cam2BEV, A
229,Cam2BEV, A
230,Cam2BEV, A
231,Cam2BEV, A
232,Cam2BEV, A
233,Cam2BEV, A
234,Cam2BEV, A
235,Cam2BEV, A
236,Cam2BEV, A
237,Cam2BEV, A
238,Cam2BEV, A
239,PythonRobotics, A
240,PythonRobotics, A
241,PythonRobotics, A
242,PythonRobotics, A
243,PythonRobotics, A
244,PythonRobotics, A
245,PythonRobotics, A
246,PythonRobotics, A
247,PythonRobotics, A
248,PythonRobotics, A
249,PythonRobotics, A
250,PythonRobotics, A
251,PythonRobotics, A
252,PythonRobotics, A
253,PythonRobotics, A
254,PythonRobotics, A
255,PythonRobotics, A
256,PythonRobotics, A
257,PythonRobotics, A
258,PythonRobotics, A
259,PythonRobotics, A
260,PythonRobotics, A
261,PythonRobotics, A
262,PythonRobotics, A
263,PythonRobotics, A
264,PythonRobotics, A
265,PythonRobotics, A
266,PythonRobotics, A
267,PythonRobotics, A
268,PythonRobotics, A
269,PythonRobotics, A
270,PythonRobotics, A
271,PythonRobotics, A
272,PythonRobotics, A
273,PythonRobotics, A
274,PythonRobotics, A
275,PythonRobotics, A
276,PythonRobotics, A
277,PythonRobotics, A
278,PythonRobotics, A
279,PythonRobotics, A
280,PythonRobotics, A
281,PythonRobotics, A
282,PythonRobotics, A
283,PythonRobotics, A
284,PythonRobotics, A
285,PythonRobotics, A
286,PythonRobotics, A
287,PythonRobotics, A
288,PythonRobotics, A
289,PythonRobotics, A
290,PythonRobotics, A
291,PythonRobotics, A
292,PythonRobotics, A
293,PythonRobotics, A
294,PythonRobotics, A
295,PythonRobotics, A
296,PythonRobotics, A
297,PythonRobotics, A
298,PythonRobotics, A
299,PythonRobotics, A
300,PythonRobotics, A
301,PythonRobotics, A
302,PythonRobotics, A
303,PythonRobotics, A
304,PythonRobotics, A
305,PythonRobotics, A
306,PythonRobotics, A
307,PythonRobotics, A
308,PythonRobotics, A
309,PythonRobotics, A
310,PythonRobotics, A
311,PythonRobotics, A
312,PythonRobotics, A
313,PythonRobotics, A
314,PythonRobotics, A
315,PythonRobotics, A
316,PythonRobotics, A
317,PythonRobotics, A
318,PythonRobotics, A
319,PythonRobotics, A
320,PythonRobotics, A
321,PythonRobotics, A
322,PythonRobotics, A
323,PythonRobotics, A
324,PythonRobotics, A
325,PythonRobotics, A
326,PythonRobotics, A
327,PythonRobotics, A
328,PythonRobotics, A
329,PythonRobotics, A
330,PythonRobotics, A
331,PythonRobotics, A
332,PythonRobotics, A
333,PythonRobotics, A
334,PythonRobotics, A
335,PythonRobotics, A
336,PythonRobotics, A
337,PythonRobotics, A
338,PythonRobotics, A
339,PythonRobotics, A
340,PythonRobotics, A
341,PythonRobotics, A
342,PythonRobotics, A
343,PythonRobotics, A
344,PythonRobotics, A
345,PythonRobotics, A
346,PythonRobotics, A
347,PythonRobotics, A
348,PythonRobotics, A
349,PythonRobotics, A
350,PythonRobotics, A
351,PythonRobotics, A
352,PythonRobotics, A
353,PythonRobotics, A
354,PythonRobotics, A
355,PythonRobotics, A
356,PythonRobotics, A
357,PythonRobotics, A
358,PythonRobotics, A
359,PythonRobotics, A
360,PythonRobotics, A
361,PythonRobotics, A
362,PythonRobotics, A
363,PythonRobotics, A
364,PythonRobotics, A
365,PythonRobotics, A
366,PythonRobotics, A
367,PythonRobotics, A
368,PythonRobotics, A
369,PythonRobotics, A
370,PythonRobotics, A
371,PythonRobotics, A
372,PythonRobotics, A
373,PythonRobotics, A
374,PythonRobotics, A
375,PythonRobotics, A
376,PythonRobotics, A
377,PythonRobotics, A
378,PythonRobotics, A
379,PythonRobotics, B
380,PythonRobotics, A
381,PythonRobotics, A
382,PythonRobotics, A
383,PythonRobotics, A
384,PythonRobotics, A
385,PythonRobotics, A
386,PythonRobotics, A
387,PythonRobotics, A
388,PythonRobotics, A
389,PythonRobotics, A
390,PythonRobotics, A
391,PythonRobotics, A
392,PythonRobotics, A
393,PythonRobotics, A
394,PythonRobotics, A
395,PythonRobotics, A
396,PythonRobotics, A
397,PythonRobotics, A
398,PythonRobotics, A
399,PythonRobotics, A
400,PythonRobotics, A
401,PythonRobotics, A
402,PythonRobotics, A
403,PythonRobotics, A
404,PythonRobotics, A
405,PythonRobotics, A
406,PythonRobotics, A
407,PythonRobotics, A
408,PythonRobotics, A
409,PythonRobotics, A
410,PythonRobotics, A
411,PythonRobotics, A
412,PythonRobotics, A
413,PythonRobotics, A
414,PythonRobotics, A
415,PythonRobotics, A
416,PythonRobotics, A
417,PythonRobotics, A
418,PythonRobotics, A
419,PythonRobotics, A
420,PythonRobotics, A
421,PythonRobotics, A
422,PythonRobotics, A
423,PythonRobotics, A
424,PythonRobotics, A
425,PythonRobotics, A
426,PythonRobotics, A
427,PythonRobotics, A
428,PythonRobotics, A
429,PythonRobotics, A
430,PythonRobotics, A
431,PythonRobotics, A
432,PythonRobotics, A
433,PythonRobotics, A
434,PythonRobotics, A
435,PythonRobotics, A
436,PythonRobotics, A
437,PythonRobotics, A
438,PythonRobotics, A
439,PythonRobotics, A
440,PythonRobotics, A
441,PythonRobotics, A
442,PythonRobotics, A
443,PythonRobotics, A
444,PythonRobotics, A
445,PythonRobotics, A
446,PythonRobotics, A
447,PythonRobotics, A
448,PythonRobotics, A
449,PythonRobotics, A
450,PythonRobotics, A
451,PythonRobotics, A
452,PythonRobotics, A
453,PythonRobotics, A
454,PythonRobotics, A
455,PythonRobotics, A
456,PythonRobotics, A
457,PythonRobotics, A
458,PythonRobotics, A
459,PythonRobotics, A
460,PythonRobotics, A
461,PythonRobotics, A
462,PythonRobotics, A
463,PythonRobotics, A
464,PythonRobotics, A
465,SqueezeSeg, A
466,SqueezeSeg, A
467,SqueezeSeg,repositories/SqueezeSeg/src/train.py
468,SqueezeSeg, A
469,SqueezeSeg, A
470,SqueezeSeg, A
471,SqueezeSeg, A
472,SqueezeSeg, A
473,SqueezeSeg, A
474,SqueezeSeg, A
475,SqueezeSeg, A
476,SqueezeSeg, A
477,SqueezeSeg, A
478,SqueezeSeg, A
479,SqueezeSeg, A
480,CVPR2023-3D-Occupancy-Prediction, A
481,CVPR2023-3D-Occupancy-Prediction, A
482,CVPR2023-3D-Occupancy-Prediction, A
483,CVPR2023-3D-Occupancy-Prediction, A
484,CVPR2023-3D-Occupancy-Prediction, A
485,CVPR2023-3D-Occupancy-Prediction, A
486,CVPR2023-3D-Occupancy-Prediction, A
487,CVPR2023-3D-Occupancy-Prediction, A
488,CVPR2023-3D-Occupancy-Prediction, A
489,CVPR2023-3D-Occupancy-Prediction, A
490,CVPR2023-3D-Occupancy-Prediction, A
491,CVPR2023-3D-Occupancy-Prediction, A
492,CVPR2023-3D-Occupancy-Prediction, A
493,CVPR2023-3D-Occupancy-Prediction, A
494,CVPR2023-3D-Occupancy-Prediction, A
495,CVPR2023-3D-Occupancy-Prediction, A
496,CVPR2023-3D-Occupancy-Prediction, A
497,CVPR2023-3D-Occupancy-Prediction, A
498,CVPR2023-3D-Occupancy-Prediction, A
499,CVPR2023-3D-Occupancy-Prediction, A
500,CVPR2023-3D-Occupancy-Prediction, A
501,CVPR2023-3D-Occupancy-Prediction, A
502,CVPR2023-3D-Occupancy-Prediction, A
503,CVPR2023-3D-Occupancy-Prediction, A
504,CVPR2023-3D-Occupancy-Prediction, A
505,CVPR2023-3D-Occupancy-Prediction, A
506,CVPR2023-3D-Occupancy-Prediction, A
507,CVPR2023-3D-Occupancy-Prediction, A
508,CVPR2023-3D-Occupancy-Prediction, A
509,CVPR2023-3D-Occupancy-Prediction, A
510,CVPR2023-3D-Occupancy-Prediction, A
511,CVPR2023-3D-Occupancy-Prediction, A
512,CVPR2023-3D-Occupancy-Prediction, A
513,CVPR2023-3D-Occupancy-Prediction, A
514,CVPR2023-3D-Occupancy-Prediction, A
515,CVPR2023-3D-Occupancy-Prediction, A
516,CVPR2023-3D-Occupancy-Prediction, A
517,CVPR2023-3D-Occupancy-Prediction, A
518,CVPR2023-3D-Occupancy-Prediction, A
519,CVPR2023-3D-Occupancy-Prediction, A
520,CVPR2023-3D-Occupancy-Prediction, A
521,CVPR2023-3D-Occupancy-Prediction, A
522,CVPR2023-3D-Occupancy-Prediction, A
523,CVPR2023-3D-Occupancy-Prediction, A
524,CVPR2023-3D-Occupancy-Prediction, A
525,CVPR2023-3D-Occupancy-Prediction, A
526,CVPR2023-3D-Occupancy-Prediction, A
527,CVPR2023-3D-Occupancy-Prediction, A
528,CVPR2023-3D-Occupancy-Prediction, A
529,CVPR2023-3D-Occupancy-Prediction, A
530,CVPR2023-3D-Occupancy-Prediction, A
531,CVPR2023-3D-Occupancy-Prediction, A
532,CVPR2023-3D-Occupancy-Prediction, A
533,CVPR2023-3D-Occupancy-Prediction, A
534,CVPR2023-3D-Occupancy-Prediction, A
535,CVPR2023-3D-Occupancy-Prediction, A
536,CVPR2023-3D-Occupancy-Prediction, A
537,CVPR2023-3D-Occupancy-Prediction, A
538,CVPR2023-3D-Occupancy-Prediction, A
539,CVPR2023-3D-Occupancy-Prediction, A
540,CVPR2023-3D-Occupancy-Prediction, A
541,CVPR2023-3D-Occupancy-Prediction, A
542,CVPR2023-3D-Occupancy-Prediction, A
543,CVPR2023-3D-Occupancy-Prediction, A
544,CVPR2023-3D-Occupancy-Prediction, A
545,CVPR2023-3D-Occupancy-Prediction, A
546,CVPR2023-3D-Occupancy-Prediction, A
547,CVPR2023-3D-Occupancy-Prediction, A
548,CVPR2023-3D-Occupancy-Prediction, A
549,CVPR2023-3D-Occupancy-Prediction, A
550,CVPR2023-3D-Occupancy-Prediction, A
551,CVPR2023-3D-Occupancy-Prediction, A
552,CVPR2023-3D-Occupancy-Prediction, A
553,CVPR2023-3D-Occupancy-Prediction, A
554,CVPR2023-3D-Occupancy-Prediction, A
555,CVPR2023-3D-Occupancy-Prediction, A
556,CVPR2023-3D-Occupancy-Prediction, A
557,CVPR2023-3D-Occupancy-Prediction, A
558,CVPR2023-3D-Occupancy-Prediction, A
559,CVPR2023-3D-Occupancy-Prediction, A
560,CVPR2023-3D-Occupancy-Prediction, A
561,CVPR2023-3D-Occupancy-Prediction, A
562,CVPR2023-3D-Occupancy-Prediction, A
563,CVPR2023-3D-Occupancy-Prediction, A
564,CVPR2023-3D-Occupancy-Prediction, A
565,CVPR2023-3D-Occupancy-Prediction, A
566,CVPR2023-3D-Occupancy-Prediction, A
567,CVPR2023-3D-Occupancy-Prediction, A
568,CVPR2023-3D-Occupancy-Prediction, A
569,CVPR2023-3D-Occupancy-Prediction, A
570,CVPR2023-3D-Occupancy-Prediction, A
571,CVPR2023-3D-Occupancy-Prediction, A
572,CVPR2023-3D-Occupancy-Prediction, A
573,CVPR2023-3D-Occupancy-Prediction, A
574,CVPR2023-3D-Occupancy-Prediction, A
575,CVPR2023-3D-Occupancy-Prediction, A
576,CVPR2023-3D-Occupancy-Prediction, A
577,CVPR2023-3D-Occupancy-Prediction, A
578,CVPR2023-3D-Occupancy-Prediction, A
579,CVPR2023-3D-Occupancy-Prediction, A
580,CVPR2023-3D-Occupancy-Prediction, A
581,CVPR2023-3D-Occupancy-Prediction, A
582,CVPR2023-3D-Occupancy-Prediction, A
583,CVPR2023-3D-Occupancy-Prediction, A
584,CVPR2023-3D-Occupancy-Prediction, A
585,CVPR2023-3D-Occupancy-Prediction, A
586,CVPR2023-3D-Occupancy-Prediction, A
587,CVPR2023-3D-Occupancy-Prediction, A
588,CVPR2023-3D-Occupancy-Prediction, A
589,CVPR2023-3D-Occupancy-Prediction, A
590,CVPR2023-3D-Occupancy-Prediction, A
591,CVPR2023-3D-Occupancy-Prediction, A
592,CVPR2023-3D-Occupancy-Prediction, A
593,CVPR2023-3D-Occupancy-Prediction, A
594,CVPR2023-3D-Occupancy-Prediction, A
595,CVPR2023-3D-Occupancy-Prediction, A
596,CVPR2023-3D-Occupancy-Prediction, A
597,CVPR2023-3D-Occupancy-Prediction, A
598,CVPR2023-3D-Occupancy-Prediction, A
599,CVPR2023-3D-Occupancy-Prediction, A
600,CVPR2023-3D-Occupancy-Prediction, A
601,CVPR2023-3D-Occupancy-Prediction, A
602,CVPR2023-3D-Occupancy-Prediction, A
603,CVPR2023-3D-Occupancy-Prediction, A
604,CVPR2023-3D-Occupancy-Prediction, A
605,CVPR2023-3D-Occupancy-Prediction, A
606,CVPR2023-3D-Occupancy-Prediction, A
607,CVPR2023-3D-Occupancy-Prediction, A
608,CVPR2023-3D-Occupancy-Prediction, A
609,CVPR2023-3D-Occupancy-Prediction, A
610,RTM3D, A
611,RTM3D, A
612,RTM3D, A
613,RTM3D, A
614,RTM3D, A
615,RTM3D, A
616,RTM3D, A
617,RTM3D, A
618,RTM3D, A
619,RTM3D, A
620,RTM3D, A
621,RTM3D, A
622,RTM3D, A
623,RTM3D, A
624,RTM3D, A
625,RTM3D, A
626,RTM3D, A
627,RTM3D, A
628,RTM3D, A
629,RTM3D, A
630,RTM3D, A
631,Ultra-Fast-Lane-Detection, A
632,Ultra-Fast-Lane-Detection, A
633,Ultra-Fast-Lane-Detection, A
634,Ultra-Fast-Lane-Detection, A
635,Ultra-Fast-Lane-Detection, A
636,Ultra-Fast-Lane-Detection, A
637,Ultra-Fast-Lane-Detection, A
638,Ultra-Fast-Lane-Detection, A
639,Ultra-Fast-Lane-Detection, A
640,Ultra-Fast-Lane-Detection, A
641,Ultra-Fast-Lane-Detection, A
642,Ultra-Fast-Lane-Detection, A
643,Ultra-Fast-Lane-Detection, A
644,Ultra-Fast-Lane-Detection, A
645,Ultra-Fast-Lane-Detection, A
646,Ultra-Fast-Lane-Detection, A
647,Ultra-Fast-Lane-Detection, A
648,Ultra-Fast-Lane-Detection, A
649,Ultra-Fast-Lane-Detection, A
650,Ultra-Fast-Lane-Detection, A
651,Ultra-Fast-Lane-Detection, A
652,Ultra-Fast-Lane-Detection, A
653,Ultra-Fast-Lane-Detection, A
654,l5kit, A
655,l5kit, A
656,l5kit, A
657,l5kit, A
658,l5kit, A
659,l5kit, A
660,l5kit, A
661,l5kit, A
662,l5kit, A
663,l5kit, A
664,l5kit, A
665,l5kit, A
666,l5kit, A
667,l5kit, A
668,l5kit, A
669,l5kit, A
670,l5kit, A
671,l5kit, A
672,l5kit, A
673,l5kit, A
674,l5kit, A
675,l5kit, A
676,l5kit, A
677,l5kit, A
678,l5kit, A
679,l5kit, A
680,l5kit, A
681,l5kit, A
682,l5kit, A
683,l5kit, A
684,l5kit, A
685,l5kit, A
686,l5kit, A
687,l5kit, A
688,l5kit, A
689,l5kit, A
690,l5kit, A
691,l5kit, A
692,l5kit, A
693,l5kit, A
694,l5kit, A
695,l5kit, A
696,l5kit, A
697,l5kit, A
698,l5kit, A
699,l5kit, A
700,l5kit, A
701,l5kit, A
702,l5kit, A
703,l5kit, A
704,l5kit, A
705,l5kit, A
706,l5kit, A
707,l5kit, A
708,l5kit, A
709,l5kit, A
710,l5kit, A
711,l5kit, A
712,l5kit, A
713,l5kit, A
714,l5kit, A
715,l5kit, A
716,l5kit, A
717,l5kit, A
718,l5kit, A
719,l5kit, A
720,l5kit, A
721,l5kit, A
722,l5kit, A
723,l5kit, A
724,l5kit, A
725,l5kit, A
726,l5kit, A
727,l5kit, A
728,l5kit, A
729,l5kit, A
730,l5kit, A
731,l5kit, A
732,l5kit, A
733,l5kit, A
734,l5kit, A
735,l5kit, A
736,l5kit, A
737,l5kit, A
738,l5kit, A
739,l5kit, A
740,l5kit, A
741,l5kit, A
742,l5kit, A
743,l5kit, A
744,l5kit, A
745,l5kit, A
746,l5kit, A
747,l5kit, A
748,l5kit, A
749,l5kit, A
750,l5kit, A
751,l5kit, A
752,l5kit, A
753,l5kit, A
754,l5kit, A
755,l5kit, A
756,l5kit, A
757,l5kit, A
758,l5kit, A
759,l5kit, A
760,l5kit, A
761,l5kit, A
762,l5kit, A
763,l5kit, A
764,l5kit, A
765,l5kit, A
766,l5kit, A
767,l5kit, A
768,l5kit, A
769,l5kit, A
770,l5kit, A
771,l5kit, A
772,l5kit, A
773,l5kit, A
774,l5kit, A
775,l5kit, A
776,l5kit, A
777,l5kit, A
778,l5kit, A
779,l5kit, A
780,l5kit, A
781,l5kit, A
782,l5kit, A
783,l5kit, A
784,l5kit, A
785,l5kit, A
786,l5kit, A
787,l5kit, A
788,l5kit, A
789,l5kit, A
790,l5kit, A
791,l5kit, A
792,l5kit, A
793,l5kit, A
794,l5kit, A
795,l5kit, A
796,l5kit, A
797,l5kit, A
798,l5kit, A
799,l5kit, A
800,l5kit, A
801,l5kit, A
802,l5kit, A
803,l5kit, A
804,l5kit, A
805,l5kit, A
806,l5kit, A
807,l5kit, A
808,l5kit, A
809,l5kit, A
810,l5kit, A
811,l5kit, A
812,l5kit, A
813,l5kit, A
814,l5kit, A
815,l5kit, A
816,l5kit, A
817,l5kit, A
818,l5kit, A
819,l5kit, A
820,l5kit, A
821,l5kit, A
822,l5kit, A
823,l5kit, A
824,l5kit, A
825,l5kit, A
826,MotionPlanning, A
827,MotionPlanning, A
828,MotionPlanning, A
829,MotionPlanning, A
830,MotionPlanning, A
831,MotionPlanning, A
832,MotionPlanning, A
833,MotionPlanning, C
834,MotionPlanning, A
835,MotionPlanning, A
836,MotionPlanning, A
837,MotionPlanning, A
838,MotionPlanning, A
839,MotionPlanning, A
840,MotionPlanning, A
841,MotionPlanning, A
842,MotionPlanning, A
843,MotionPlanning, A
844,MotionPlanning, A
845,MotionPlanning, A
846,MotionPlanning, A
847,MotionPlanning, A
848,MotionPlanning, A
849,MotionPlanning, A
