Name,NameWithOwner,Url,UpdateAt,Num_of_Releases
PythonRobotics,AtsushiSakai/PythonRobotics,https://github.com/AtsushiSakai/PythonRobotics,2023-03-18T18:04:49Z,0
PaddleSeg,PaddlePaddle/PaddleSeg,https://github.com/PaddlePaddle/PaddleSeg,2023-03-18T19:26:14Z,17
OpenPCDet,open-mmlab/OpenPCDet,https://github.com/open-mmlab/OpenPCDet,2023-03-18T15:29:35Z,0
highway-env,eleurent/highway-env,https://github.com/eleurent/highway-env,2023-03-18T15:26:52Z,10
BEVFormer,fundamentalvision/BEVFormer,https://github.com/fundamentalvision/BEVFormer,2023-03-18T17:58:24Z,2
YOLOP,hustvl/YOLOP,https://github.com/hustvl/YOLOP,2023-03-17T17:31:57Z,0
Ultra-Fast-Lane-Detection,cfzd/Ultra-Fast-Lane-Detection,https://github.com/cfzd/Ultra-Fast-Lane-Detection,2023-03-16T15:17:33Z,0
3D-PointCloud,zhulf0804/3D-PointCloud,https://github.com/zhulf0804/3D-PointCloud,2023-03-18T12:55:33Z,0
Det3D,poodarchu/Det3D,https://github.com/poodarchu/Det3D,2023-03-18T02:27:15Z,0
PointCNN,yangyanli/PointCNN,https://github.com/yangyanli/PointCNN,2023-03-10T02:36:43Z,1
KittiSeg,MarvinTeichmann/KittiSeg,https://github.com/MarvinTeichmann/KittiSeg,2023-03-14T06:57:34Z,0
OpenCDA,ucla-mobility/OpenCDA,https://github.com/ucla-mobility/OpenCDA,2023-03-18T15:07:18Z,3
transfuser,autonomousvision/transfuser,https://github.com/autonomousvision/transfuser,2023-03-18T19:18:29Z,0
ChosunTruck,bethesirius/ChosunTruck,https://github.com/bethesirius/ChosunTruck,2023-02-17T05:17:15Z,0
SMARTS,huawei-noah/SMARTS,https://github.com/huawei-noah/SMARTS,2023-03-18T12:45:09Z,28
Self-Driving-Car-in-Video-Games,ikergarcia1996/Self-Driving-Car-in-Video-Games,https://github.com/ikergarcia1996/Self-Driving-Car-in-Video-Games,2023-03-12T02:53:57Z,4
deeplabv3,fregu856/deeplabv3,https://github.com/fregu856/deeplabv3,2023-03-18T02:25:27Z,0
Pedestron,hasanirtiza/Pedestron,https://github.com/hasanirtiza/Pedestron,2023-03-16T09:00:23Z,0
DI-drive,opendilab/DI-drive,https://github.com/opendilab/DI-drive,2023-03-16T12:05:27Z,11
SMOKE,lzccccc/SMOKE,https://github.com/lzccccc/SMOKE,2023-03-16T19:38:29Z,0
MultiNet,MarvinTeichmann/MultiNet,https://github.com/MarvinTeichmann/MultiNet,2023-03-11T15:01:39Z,0
VoxFormer,NVlabs/VoxFormer,https://github.com/NVlabs/VoxFormer,2023-03-17T12:26:41Z,0
SST,tusen-ai/SST,https://github.com/tusen-ai/SST,2023-03-17T12:33:12Z,0
InterFuser,opendilab/InterFuser,https://github.com/opendilab/InterFuser,2023-03-18T17:23:26Z,0
HybridNets,datvuthanh/HybridNets,https://github.com/datvuthanh/HybridNets,2023-03-17T11:18:27Z,1
KittiBox,MarvinTeichmann/KittiBox,https://github.com/MarvinTeichmann/KittiBox,2023-03-12T02:59:25Z,0
CIA-SSD,Vegeta2020/CIA-SSD,https://github.com/Vegeta2020/CIA-SSD,2023-03-17T04:39:59Z,0
OpenCOOD,DerrickXuNu/OpenCOOD,https://github.com/DerrickXuNu/OpenCOOD,2023-03-18T14:16:35Z,0
HiVT,ZikangZhou/HiVT,https://github.com/ZikangZhou/HiVT,2023-03-14T07:54:54Z,0
gym-carla,cjy1992/gym-carla,https://github.com/cjy1992/gym-carla,2023-03-16T12:26:38Z,0
MapTR,hustvl/MapTR,https://github.com/hustvl/MapTR,2023-03-18T09:31:01Z,0
SO-Net,lijx10/SO-Net,https://github.com/lijx10/SO-Net,2023-03-10T07:49:01Z,0
nuplan-devkit,motional/nuplan-devkit,https://github.com/motional/nuplan-devkit,2023-03-17T14:48:49Z,6
LAV,dotchen/LAV,https://github.com/dotchen/LAV,2023-03-17T04:45:11Z,0
pylot,erdos-project/pylot,https://github.com/erdos-project/pylot,2023-03-18T13:35:06Z,6
Cherry-Autonomous-Racecar,DJTobias/Cherry-Autonomous-Racecar,https://github.com/DJTobias/Cherry-Autonomous-Racecar,2023-03-13T15:55:44Z,0
IA-SSD,yifanzhang713/IA-SSD,https://github.com/yifanzhang713/IA-SSD,2023-03-15T08:26:17Z,0
3DOD_thesis,fregu856/3DOD_thesis,https://github.com/fregu856/3DOD_thesis,2023-01-24T13:29:15Z,0
RTM3D,maudzung/RTM3D,https://github.com/maudzung/RTM3D,2023-03-04T05:56:40Z,0
Learn-Carla,DerrickXuNu/Learn-Carla,https://github.com/DerrickXuNu/Learn-Carla,2023-03-18T18:54:24Z,0
PersFormer_3DLane,OpenDriveLab/PersFormer_3DLane,https://github.com/OpenDriveLab/PersFormer_3DLane,2023-03-17T02:44:57Z,0
neat,autonomousvision/neat,https://github.com/autonomousvision/neat,2023-03-15T08:44:16Z,0
Fast-BEV,Sense-GVT/Fast-BEV,https://github.com/Sense-GVT/Fast-BEV,2023-03-18T12:38:51Z,0
StreamYOLO,yancie-yjr/StreamYOLO,https://github.com/yancie-yjr/StreamYOLO,2023-03-13T09:10:22Z,1
segmentation,fregu856/segmentation,https://github.com/fregu856/segmentation,2023-02-08T03:39:01Z,0
macad-gym,praveen-palanisamy/macad-gym,https://github.com/praveen-palanisamy/macad-gym,2023-03-04T14:39:47Z,4
waymo-motion-prediction-challenge-2022-multipath-plus-plus,stepankonev/waymo-motion-prediction-challenge-2022-multipath-plus-plus,https://github.com/stepankonev/waymo-motion-prediction-challenge-2022-multipath-plus-plus,2023-03-17T07:25:21Z,0
SqueezeSegV2,xuanyuzhou98/SqueezeSegV2,https://github.com/xuanyuzhou98/SqueezeSegV2,2023-02-17T15:51:57Z,0
DBNet,driving-behavior/DBNet,https://github.com/driving-behavior/DBNet,2023-03-06T13:05:07Z,0
av2-api,argoverse/av2-api,https://github.com/argoverse/av2-api,2023-03-17T01:46:17Z,3
driving-lane-departure-warning,JunshengFu/driving-lane-departure-warning,https://github.com/JunshengFu/driving-lane-departure-warning,2023-02-25T18:02:45Z,0
YOLOP-opencv-dnn,hpc203/YOLOP-opencv-dnn,https://github.com/hpc203/YOLOP-opencv-dnn,2023-03-17T07:05:27Z,0
v2x-vit,DerrickXuNu/v2x-vit,https://github.com/DerrickXuNu/v2x-vit,2023-03-17T05:30:14Z,0
monolayout,manila95/monolayout,https://github.com/manila95/monolayout,2023-03-02T14:38:40Z,0
AgentFormer,Khrylx/AgentFormer,https://github.com/Khrylx/AgentFormer,2023-03-15T01:21:18Z,0
BeamNGpy,BeamNG/BeamNGpy,https://github.com/BeamNG/BeamNGpy,2023-03-15T14:40:32Z,0
BtcDet,Xharlie/BtcDet,https://github.com/Xharlie/BtcDet,2023-03-10T12:11:11Z,0
oatomobile,OATML/oatomobile,https://github.com/OATML/oatomobile,2023-03-18T19:22:46Z,1
RODNet,yizhou-wang/RODNet,https://github.com/yizhou-wang/RODNet,2023-03-17T09:59:04Z,4
SA-Det3D,AutoVision-cloud/SA-Det3D,https://github.com/AutoVision-cloud/SA-Det3D,2023-03-08T07:20:42Z,0
Carla-ppo,bitsauce/Carla-ppo,https://github.com/bitsauce/Carla-ppo,2023-03-16T13:11:17Z,0
Automatic-Parking,Pandas-Team/Automatic-Parking,https://github.com/Pandas-Team/Automatic-Parking,2023-03-15T17:24:42Z,1
Error-State-Extended-Kalman-Filter,enginBozkurt/Error-State-Extended-Kalman-Filter,https://github.com/enginBozkurt/Error-State-Extended-Kalman-Filter,2023-03-15T11:43:23Z,0
EgoNet,Nicholasli1995/EgoNet,https://github.com/Nicholasli1995/EgoNet,2023-03-16T13:41:35Z,2
LaserMix,ldkong1205/LaserMix,https://github.com/ldkong1205/LaserMix,2023-03-13T06:01:50Z,0
simtrack,qcraftai/simtrack,https://github.com/qcraftai/simtrack,2023-03-08T03:01:26Z,0
Self-Driving-Car,Gautam-J/Self-Driving-Car,https://github.com/Gautam-J/Self-Driving-Car,2023-01-27T15:18:55Z,0
DH3D,JuanDuGit/DH3D,https://github.com/JuanDuGit/DH3D,2023-01-30T10:27:46Z,0
DMPR-PS,Teoge/DMPR-PS,https://github.com/Teoge/DMPR-PS,2023-03-17T02:42:03Z,0
CoBEVT,DerrickXuNu/CoBEVT,https://github.com/DerrickXuNu/CoBEVT,2023-03-13T17:29:51Z,0
MotionPlanner,enginBozkurt/MotionPlanner,https://github.com/enginBozkurt/MotionPlanner,2023-02-19T21:50:12Z,0
WorldOnRails,dotchen/WorldOnRails,https://github.com/dotchen/WorldOnRails,2023-03-12T21:13:40Z,0
2D_detection,fregu856/2D_detection,https://github.com/fregu856/2D_detection,2022-12-16T01:41:38Z,0
carla-roach,zhejz/carla-roach,https://github.com/zhejz/carla-roach,2023-03-08T16:24:51Z,0
RoboDepth,ldkong1205/RoboDepth,https://github.com/ldkong1205/RoboDepth,2023-03-14T03:56:40Z,0
plant,autonomousvision/plant,https://github.com/autonomousvision/plant,2023-03-16T09:48:20Z,0
evaluating_bdl,fregu856/evaluating_bdl,https://github.com/fregu856/evaluating_bdl,2023-02-11T07:02:16Z,0
3d-bounding-box-estimation-for-autonomous-driving,lzccccc/3d-bounding-box-estimation-for-autonomous-driving,https://github.com/lzccccc/3d-bounding-box-estimation-for-autonomous-driving,2023-03-09T11:20:24Z,0
LiDAR_fog_sim,MartinHahner/LiDAR_fog_sim,https://github.com/MartinHahner/LiDAR_fog_sim,2023-03-15T07:46:55Z,0
JAAD,ykotseruba/JAAD,https://github.com/ykotseruba/JAAD,2023-03-16T12:39:35Z,0
pgdrive,decisionforce/pgdrive,https://github.com/decisionforce/pgdrive,2023-03-16T12:00:41Z,3
K-Radar_V1,kaist-avelab/K-Radar_V1,https://github.com/kaist-avelab/K-Radar_V1,2023-03-09T14:26:34Z,0
prophesee-automotive-dataset-toolbox,prophesee-ai/prophesee-automotive-dataset-toolbox,https://github.com/prophesee-ai/prophesee-automotive-dataset-toolbox,2023-03-09T01:32:17Z,0
PiP-Planning-informed-Prediction,Haoran-SONG/PiP-Planning-informed-Prediction,https://github.com/Haoran-SONG/PiP-Planning-informed-Prediction,2023-03-17T15:46:08Z,0
Multi-Purpose-MPC,matssteinweg/Multi-Purpose-MPC,https://github.com/matssteinweg/Multi-Purpose-MPC,2023-03-01T02:40:37Z,0
SelfDrivingRCCar,sidroopdaska/SelfDrivingRCCar,https://github.com/sidroopdaska/SelfDrivingRCCar,2023-01-27T11:14:06Z,0
pillar-motion,qcraftai/pillar-motion,https://github.com/qcraftai/pillar-motion,2023-03-15T13:23:34Z,0
LiDAR_snow_sim,SysCV/LiDAR_snow_sim,https://github.com/SysCV/LiDAR_snow_sim,2023-03-17T06:59:38Z,0
l2r,learn-to-race/l2r,https://github.com/learn-to-race/l2r,2023-03-10T11:24:13Z,0
driving-in-the-matrix,umautobots/driving-in-the-matrix,https://github.com/umautobots/driving-in-the-matrix,2023-03-18T12:52:20Z,0
WIMP,wqi/WIMP,https://github.com/wqi/WIMP,2023-03-11T13:07:43Z,1
LiDAR_SOT,tusen-ai/LiDAR_SOT,https://github.com/tusen-ai/LiDAR_SOT,2023-03-15T06:24:11Z,0
SelfDrivingCarsControlDesign,enginBozkurt/SelfDrivingCarsControlDesign,https://github.com/enginBozkurt/SelfDrivingCarsControlDesign,2023-03-04T08:11:43Z,0
PCAccumulation,prs-eth/PCAccumulation,https://github.com/prs-eth/PCAccumulation,2023-03-12T05:29:22Z,0
Autonomous-Driving-in-Carla-using-Deep-Reinforcement-Learning,idreesshaikh/Autonomous-Driving-in-Carla-using-Deep-Reinforcement-Learning,https://github.com/idreesshaikh/Autonomous-Driving-in-Carla-using-Deep-Reinforcement-Learning,2023-03-14T17:55:29Z,0
Keras-ICNet,aitorzip/Keras-ICNet,https://github.com/aitorzip/Keras-ICNet,2023-03-01T15:10:58Z,0
ld-lsi,fabvio/ld-lsi,https://github.com/fabvio/ld-lsi,2023-01-31T00:20:53Z,0
carla-training-data,enginBozkurt/carla-training-data,https://github.com/enginBozkurt/carla-training-data,2023-02-21T00:42:25Z,0
PTTR,Jasonkks/PTTR,https://github.com/Jasonkks/PTTR,2023-03-17T09:37:14Z,0
imitation-learning,merantix/imitation-learning,https://github.com/merantix/imitation-learning,2022-11-09T07:59:37Z,0
EthicalTrajectoryPlanning,TUMFTM/EthicalTrajectoryPlanning,https://github.com/TUMFTM/EthicalTrajectoryPlanning,2023-03-11T07:27:13Z,2
autonomous_driving,StatueFungus/autonomous_driving,https://github.com/StatueFungus/autonomous_driving,2023-03-09T13:16:21Z,0
lane-detection-with-steer-and-departure,canozcivelek/lane-detection-with-steer-and-departure,https://github.com/canozcivelek/lane-detection-with-steer-and-departure,2023-03-17T08:57:42Z,0
bark-ml,bark-simulator/bark-ml,https://github.com/bark-simulator/bark-ml,2023-03-16T00:36:17Z,3
pyMHT,erikliland/pyMHT,https://github.com/erikliland/pyMHT,2023-02-27T04:09:21Z,4
RoboBEV,Daniel-xsy/RoboBEV,https://github.com/Daniel-xsy/RoboBEV,2023-03-18T08:14:17Z,0
TuSimple-lane-classes,fabvio/TuSimple-lane-classes,https://github.com/fabvio/TuSimple-lane-classes,2023-02-06T11:51:30Z,0
coperception,coperception/coperception,https://github.com/coperception/coperception,2023-03-16T13:52:16Z,1
JPerceiver,sunnyHelen/JPerceiver,https://github.com/sunnyHelen/JPerceiver,2023-03-16T06:32:03Z,0
dgp,TRI-ML/dgp,https://github.com/TRI-ML/dgp,2023-02-24T04:14:08Z,7
LiCaS3,KleinYuan/LiCaS3,https://github.com/KleinYuan/LiCaS3,2023-03-18T21:06:06Z,0
TED,hailanyi/TED,https://github.com/hailanyi/TED,2023-03-18T12:51:16Z,0
AutoRF-pytorch,skyhehe123/AutoRF-pytorch,https://github.com/skyhehe123/AutoRF-pytorch,2023-03-16T11:43:58Z,0
modelzoo,autowarefoundation/modelzoo,https://github.com/autowarefoundation/modelzoo,2023-03-15T17:15:19Z,2
carla-data-export,Ozzyz/carla-data-export,https://github.com/Ozzyz/carla-data-export,2023-02-21T17:12:16Z,0
FLAT,ai4ce/FLAT,https://github.com/ai4ce/FLAT,2023-03-03T12:21:12Z,0
carla-driving-rl-agent,Luca96/carla-driving-rl-agent,https://github.com/Luca96/carla-driving-rl-agent,2023-03-14T11:23:58Z,0
MODEST,YurongYou/MODEST,https://github.com/YurongYou/MODEST,2023-02-26T06:30:37Z,0
Sparse2Dense,stevewongv/Sparse2Dense,https://github.com/stevewongv/Sparse2Dense,2023-03-10T03:14:38Z,0
AdvTrajectoryPrediction,zqzqz/AdvTrajectoryPrediction,https://github.com/zqzqz/AdvTrajectoryPrediction,2023-03-17T13:22:49Z,0
LiDARSimLib-and-Placement-Evaluation,PJLab-ADG/LiDARSimLib-and-Placement-Evaluation,https://github.com/PJLab-ADG/LiDARSimLib-and-Placement-Evaluation,2023-03-18T13:24:27Z,0
autonomous-driving-turtlebot-with-reinforcement-learning,lukovicaleksa/autonomous-driving-turtlebot-with-reinforcement-learning,https://github.com/lukovicaleksa/autonomous-driving-turtlebot-with-reinforcement-learning,2023-03-16T07:45:58Z,0
birdnet2,AlejandroBarrera/birdnet2,https://github.com/AlejandroBarrera/birdnet2,2023-01-03T03:42:05Z,0
Codes-for-Steering-Control,cardwing/Codes-for-Steering-Control,https://github.com/cardwing/Codes-for-Steering-Control,2022-11-22T02:19:56Z,0
ConDA,ldkong1205/ConDA,https://github.com/ldkong1205/ConDA,2023-02-11T12:41:00Z,0
Safety-Aware-Motion-Prediction,xrenaa/Safety-Aware-Motion-Prediction,https://github.com/xrenaa/Safety-Aware-Motion-Prediction,2023-03-14T06:54:45Z,0
2019-UGRP-DPoom,shinkansan/2019-UGRP-DPoom,https://github.com/shinkansan/2019-UGRP-DPoom,2023-02-09T02:03:59Z,0
carla-apollo,casper-auto/carla-apollo,https://github.com/casper-auto/carla-apollo,2023-02-22T19:39:56Z,0
rail_marking,xmba15/rail_marking,https://github.com/xmba15/rail_marking,2023-03-14T07:02:43Z,0
hope-autonomous-driving,umutkcbs/hope-autonomous-driving,https://github.com/umutkcbs/hope-autonomous-driving,2023-03-13T16:15:51Z,0
SF-GRU,aras62/SF-GRU,https://github.com/aras62/SF-GRU,2023-03-07T05:21:11Z,0
ego-lane-analysis-system,rodrigoberriel/ego-lane-analysis-system,https://github.com/rodrigoberriel/ego-lane-analysis-system,2023-03-18T08:24:29Z,0
racing_dreamer,CPS-TUWien/racing_dreamer,https://github.com/CPS-TUWien/racing_dreamer,2023-03-10T17:45:52Z,0
PyLidar3,lakshmanmallidi/PyLidar3,https://github.com/lakshmanmallidi/PyLidar3,2023-03-09T05:01:26Z,3
RGGNet,KleinYuan/RGGNet,https://github.com/KleinYuan/RGGNet,2023-02-26T10:12:38Z,0
constrained_attention_filter,ahmdtaha/constrained_attention_filter,https://github.com/ahmdtaha/constrained_attention_filter,2022-08-05T14:16:27Z,0
RCAutopilot,UvinduW/RCAutopilot,https://github.com/UvinduW/RCAutopilot,2023-02-13T01:24:00Z,0
waymo_2d_tracking,xuyuan/waymo_2d_tracking,https://github.com/xuyuan/waymo_2d_tracking,2023-02-17T15:43:26Z,0
driver-dojo,seawee1/driver-dojo,https://github.com/seawee1/driver-dojo,2023-03-15T21:52:21Z,0
RaFlow,Toytiny/RaFlow,https://github.com/Toytiny/RaFlow,2023-03-18T20:54:01Z,0
slamp,kaanakan/slamp,https://github.com/kaanakan/slamp,2023-02-12T17:41:18Z,1
cruw-devkit,yizhou-wang/cruw-devkit,https://github.com/yizhou-wang/cruw-devkit,2023-02-18T11:56:54Z,2
catvehicle,jmscslgroup/catvehicle,https://github.com/jmscslgroup/catvehicle,2023-03-14T04:09:45Z,1
glcapsnet,javiermcebrian/glcapsnet,https://github.com/javiermcebrian/glcapsnet,2022-09-16T23:23:17Z,0
Hindsight,YurongYou/Hindsight,https://github.com/YurongYou/Hindsight,2023-01-10T13:14:38Z,0
bounding-box-prediction,vita-epfl/bounding-box-prediction,https://github.com/vita-epfl/bounding-box-prediction,2023-03-03T14:17:32Z,1
data_aggregation,autonomousvision/data_aggregation,https://github.com/autonomousvision/data_aggregation,2023-02-24T07:09:34Z,0
env_build,idthanm/env_build,https://github.com/idthanm/env_build,2023-02-24T08:14:08Z,0
CARLA_Motion_Planning_for_Self-Driving_Cars_Project,yymmaa0000/CARLA_Motion_Planning_for_Self-Driving_Cars_Project,https://github.com/yymmaa0000/CARLA_Motion_Planning_for_Self-Driving_Cars_Project,2023-02-15T19:10:48Z,0
SoTA-3D-Object-Detection,rui-qian/SoTA-3D-Object-Detection,https://github.com/rui-qian/SoTA-3D-Object-Detection,2023-02-21T01:35:35Z,0
policydissect,metadriverse/policydissect,https://github.com/metadriverse/policydissect,2023-03-16T09:32:43Z,0
tianbot_racecar,tianbot/tianbot_racecar,https://github.com/tianbot/tianbot_racecar,2023-03-13T16:05:35Z,1
stretchbev,kaanakan/stretchbev,https://github.com/kaanakan/stretchbev,2023-03-15T14:13:47Z,1
WaymoCOCO,shinya7y/WaymoCOCO,https://github.com/shinya7y/WaymoCOCO,2023-02-17T15:50:43Z,0
dspnet,liangfu/dspnet,https://github.com/liangfu/dspnet,2023-01-28T15:05:01Z,0
occam,dschinagl/occam,https://github.com/dschinagl/occam,2023-02-11T13:59:41Z,0
SEE-MTDA,darrenjkt/SEE-MTDA,https://github.com/darrenjkt/SEE-MTDA,2023-02-04T15:06:55Z,0
EGPO,decisionforce/EGPO,https://github.com/decisionforce/EGPO,2023-01-24T14:03:57Z,0
Frustum-Pointpillars,anshulpaigwar/Frustum-Pointpillars,https://github.com/anshulpaigwar/Frustum-Pointpillars,2023-03-16T01:00:01Z,0
CMFlow,Toytiny/CMFlow,https://github.com/Toytiny/CMFlow,2023-03-17T23:12:38Z,0
modulardecision,decisionforce/modulardecision,https://github.com/decisionforce/modulardecision,2023-03-05T11:56:24Z,0
Batch3DMOT,robot-learning-freiburg/Batch3DMOT,https://github.com/robot-learning-freiburg/Batch3DMOT,2022-12-28T05:21:35Z,0
Stereo-3D-Object-Detection-for-Autonomous-Driving,srinu6/Stereo-3D-Object-Detection-for-Autonomous-Driving,https://github.com/srinu6/Stereo-3D-Object-Detection-for-Autonomous-Driving,2023-03-14T11:29:26Z,0
Vehicle-Warning-Indicator-System,AshishGusain17/Vehicle-Warning-Indicator-System,https://github.com/AshishGusain17/Vehicle-Warning-Indicator-System,2022-10-05T15:01:25Z,0
GDIP-Yolo,Gatedip/GDIP-Yolo,https://github.com/Gatedip/GDIP-Yolo,2023-03-16T03:51:12Z,0
safe_exp_env,mahaitongdae/safe_exp_env,https://github.com/mahaitongdae/safe_exp_env,2023-02-09T08:12:33Z,0
AutonomousRobots-Kalman-Filter,mftnakrsu/AutonomousRobots-Kalman-Filter,https://github.com/mftnakrsu/AutonomousRobots-Kalman-Filter,2022-07-18T06:18:30Z,0
locs,mkofinas/locs,https://github.com/mkofinas/locs,2023-02-26T02:33:20Z,0
PIXOR,matssteinweg/PIXOR,https://github.com/matssteinweg/PIXOR,2022-12-14T20:04:01Z,0
Baidu_Lane_Segmentation,qixuxiang/Baidu_Lane_Segmentation,https://github.com/qixuxiang/Baidu_Lane_Segmentation,2022-06-06T12:25:30Z,0
BADet,rui-qian/BADet,https://github.com/rui-qian/BADet,2023-03-08T07:19:58Z,0
CSP-Pedestrian-detection,ligang-cs/CSP-Pedestrian-detection,https://github.com/ligang-cs/CSP-Pedestrian-detection,2022-03-23T14:07:02Z,0
carla-aebs,kpandey008/carla-aebs,https://github.com/kpandey008/carla-aebs,2023-03-15T22:40:46Z,0
HLSTrajForecast,d1024choi/HLSTrajForecast,https://github.com/d1024choi/HLSTrajForecast,2023-03-17T11:48:32Z,0
coop-3dod-infra,eduardohenriquearnold/coop-3dod-infra,https://github.com/eduardohenriquearnold/coop-3dod-infra,2023-03-18T09:30:42Z,0
GATraj,mengmengliu1998/GATraj,https://github.com/mengmengliu1998/GATraj,2023-03-13T04:17:44Z,0
macad-agents,praveen-palanisamy/macad-agents,https://github.com/praveen-palanisamy/macad-agents,2023-02-28T18:34:13Z,0
Model-Predictive-Controllers,Frostday/Model-Predictive-Controllers,https://github.com/Frostday/Model-Predictive-Controllers,2022-10-24T04:59:35Z,0
RODSNet,SAMMiCA/RODSNet,https://github.com/SAMMiCA/RODSNet,2022-11-20T07:53:03Z,0
Autonomous-RC-Car,germain-hug/Autonomous-RC-Car,https://github.com/germain-hug/Autonomous-RC-Car,2022-12-16T01:44:21Z,0
VAE_trait_inference,Shuijing725/VAE_trait_inference,https://github.com/Shuijing725/VAE_trait_inference,2023-03-10T02:00:06Z,0
torchbox3d,benjaminrwilson/torchbox3d,https://github.com/benjaminrwilson/torchbox3d,2023-03-12T04:01:00Z,0
Deep3DBox,poodarchu/Deep3DBox,https://github.com/poodarchu/Deep3DBox,2021-12-06T12:11:08Z,0
RAP,TRI-ML/RAP,https://github.com/TRI-ML/RAP,2023-03-08T14:29:47Z,0
vacuumcleaner,williamnagels/vacuumcleaner,https://github.com/williamnagels/vacuumcleaner,2023-03-07T22:02:23Z,0
IntersectionControl,julesdehon/IntersectionControl,https://github.com/julesdehon/IntersectionControl,2023-03-15T11:07:08Z,2
AutonomousCarAI,Akatsuki06/AutonomousCarAI,https://github.com/Akatsuki06/AutonomousCarAI,2020-06-15T16:08:25Z,0
FADNet,aioz-ai/FADNet,https://github.com/aioz-ai/FADNet,2023-03-01T07:35:12Z,0
HEVEN_AutonomousCar_2018,Jueun-Park/HEVEN_AutonomousCar_2018,https://github.com/Jueun-Park/HEVEN_AutonomousCar_2018,2023-03-14T15:17:13Z,0
SwinDepth,dsshim0125/SwinDepth,https://github.com/dsshim0125/SwinDepth,2023-03-16T12:36:57Z,0
SCADC-DepthCompletion,choyingw/SCADC-DepthCompletion,https://github.com/choyingw/SCADC-DepthCompletion,2023-03-06T09:25:19Z,0
DriveAI,codewmax/DriveAI,https://github.com/codewmax/DriveAI,2023-03-06T22:27:59Z,0
PyTorch-YOLO-V3-KAIST,jas-nat/PyTorch-YOLO-V3-KAIST,https://github.com/jas-nat/PyTorch-YOLO-V3-KAIST,2023-02-21T03:54:07Z,0
MMC,NeurAI-Lab/MMC,https://github.com/NeurAI-Lab/MMC,2022-11-02T09:03:23Z,0
CarlaFinal,GonVas/CarlaFinal,https://github.com/GonVas/CarlaFinal,2023-02-11T09:13:07Z,0
MUAD-Dataset,ENSTA-U2IS/MUAD-Dataset,https://github.com/ENSTA-U2IS/MUAD-Dataset,2023-02-19T20:19:34Z,0
BoMuDA-Boundless-Multi-Source-Domain-Adaptive-Segmentation-in-Unstructured-Environments,divyakraman/BoMuDA-Boundless-Multi-Source-Domain-Adaptive-Segmentation-in-Unstructured-Environments,https://github.com/divyakraman/BoMuDA-Boundless-Multi-Source-Domain-Adaptive-Segmentation-in-Unstructured-Environments,2023-02-20T02:26:28Z,0
Motion-Planning-for-Autonomous-Driving-with-MPC,TGoldC/Motion-Planning-for-Autonomous-Driving-with-MPC,https://github.com/TGoldC/Motion-Planning-for-Autonomous-Driving-with-MPC,2023-03-06T11:58:58Z,0
py_obca,maozaizhou/py_obca,https://github.com/maozaizhou/py_obca,2022-11-27T09:35:28Z,0
DynEnv,szemenyeim/DynEnv,https://github.com/szemenyeim/DynEnv,2023-02-16T09:21:12Z,5
mini-datasets,jadnohra/mini-datasets,https://github.com/jadnohra/mini-datasets,2023-01-31T22:53:18Z,0
Autonomous-Driving-via-RL,akjayant/Autonomous-Driving-via-RL,https://github.com/akjayant/Autonomous-Driving-via-RL,2023-02-08T14:13:34Z,0
tensorflow-segmentation,fabianschilling/tensorflow-segmentation,https://github.com/fabianschilling/tensorflow-segmentation,2022-12-05T08:27:09Z,0
talkycars-thesis,muety/talkycars-thesis,https://github.com/muety/talkycars-thesis,2023-01-31T07:18:23Z,0
Solecthon,VCET-Driverless/Solecthon,https://github.com/VCET-Driverless/Solecthon,2022-11-16T19:31:52Z,0
Complex-YOLO,satyenrajpal/Complex-YOLO,https://github.com/satyenrajpal/Complex-YOLO,2022-06-15T23:32:23Z,0
PedestrianDetection-HGPD,ligang-cs/PedestrianDetection-HGPD,https://github.com/ligang-cs/PedestrianDetection-HGPD,2022-11-09T13:08:02Z,0
AirSim-PyTorch-Drone-DDQN-Agent,batuhan3526/AirSim-PyTorch-Drone-DDQN-Agent,https://github.com/batuhan3526/AirSim-PyTorch-Drone-DDQN-Agent,2023-03-15T20:41:49Z,0
SEE-VCN,darrenjkt/SEE-VCN,https://github.com/darrenjkt/SEE-VCN,2023-03-12T02:25:19Z,0
ILLUME,Vaishnvi/ILLUME,https://github.com/Vaishnvi/ILLUME,2023-01-06T08:54:50Z,0
KittiClass,MarvinTeichmann/KittiClass,https://github.com/MarvinTeichmann/KittiClass,2022-11-14T18:56:22Z,0
end-to-end-driving,oskarnatan/end-to-end-driving,https://github.com/oskarnatan/end-to-end-driving,2023-03-03T19:00:55Z,0
DeepCollision,simplexity-lab/DeepCollision,https://github.com/simplexity-lab/DeepCollision,2023-03-17T12:03:10Z,0
SNVC,Nicholasli1995/SNVC,https://github.com/Nicholasli1995/SNVC,2023-02-18T14:27:43Z,0
Dynamic-CIL-Driving,heshameraqi/Dynamic-CIL-Driving,https://github.com/heshameraqi/Dynamic-CIL-Driving,2022-12-15T00:50:10Z,0
ROS2-Autonomous-Driving-and-Navigation-SLAM-with-TurtleBot3,noshluk2/ROS2-Autonomous-Driving-and-Navigation-SLAM-with-TurtleBot3,https://github.com/noshluk2/ROS2-Autonomous-Driving-and-Navigation-SLAM-with-TurtleBot3,2023-03-13T08:41:24Z,0
driving-behavioral-cloning,JunshengFu/driving-behavioral-cloning,https://github.com/JunshengFu/driving-behavioral-cloning,2020-06-29T16:08:07Z,0
autonomous-driving,bchampp/autonomous-driving,https://github.com/bchampp/autonomous-driving,2022-12-27T09:52:26Z,0
Sensor-Fusion-3D-Multi-Object-Tracking,IacopomC/Sensor-Fusion-3D-Multi-Object-Tracking,https://github.com/IacopomC/Sensor-Fusion-3D-Multi-Object-Tracking,2023-03-05T01:20:12Z,0
SemanticSegmentation,asterixds/SemanticSegmentation,https://github.com/asterixds/SemanticSegmentation,2022-11-15T04:33:08Z,0
aws-autonomous-driving-data-lake-ros-bag-scene-detection-pipeline,aws-samples/aws-autonomous-driving-data-lake-ros-bag-scene-detection-pipeline,https://github.com/aws-samples/aws-autonomous-driving-data-lake-ros-bag-scene-detection-pipeline,2023-01-10T16:06:45Z,0
Attention_Mechanisms_for_3D_Semantic_Segmentation,grgzam/Attention_Mechanisms_for_3D_Semantic_Segmentation,https://github.com/grgzam/Attention_Mechanisms_for_3D_Semantic_Segmentation,2023-03-09T01:32:42Z,0
TheGhostCar-AutonomousCarProject,sgagankumar/TheGhostCar-AutonomousCarProject,https://github.com/sgagankumar/TheGhostCar-AutonomousCarProject,2023-01-17T08:27:47Z,1
ADAS-Car-using-Raspberry-Pi,AdroitAnandAI/ADAS-Car-using-Raspberry-Pi,https://github.com/AdroitAnandAI/ADAS-Car-using-Raspberry-Pi,2023-03-06T07:37:34Z,0
csg,IntelLabs/csg,https://github.com/IntelLabs/csg,2023-01-31T19:50:00Z,1
Semantic-Segmentation-using-Fully-Convolutional-Networks,mohamedameen93/Semantic-Segmentation-using-Fully-Convolutional-Networks,https://github.com/mohamedameen93/Semantic-Segmentation-using-Fully-Convolutional-Networks,2022-10-21T10:45:38Z,0
PointPillars-Camera-LiDAR-Fusion,Loahit5101/PointPillars-Camera-LiDAR-Fusion,https://github.com/Loahit5101/PointPillars-Camera-LiDAR-Fusion,2023-03-11T07:10:08Z,0
self-driving-car,MichaelBosello/self-driving-car,https://github.com/MichaelBosello/self-driving-car,2022-12-13T05:45:21Z,1
Project-Intelligent-Car,UvinduW/Project-Intelligent-Car,https://github.com/UvinduW/Project-Intelligent-Car,2021-09-30T20:49:57Z,0
Cozmo-Autonomous-Driving,sahouston/Cozmo-Autonomous-Driving,https://github.com/sahouston/Cozmo-Autonomous-Driving,2021-10-30T14:15:03Z,0
Dolphins,explosion5/Dolphins,https://github.com/explosion5/Dolphins,2023-02-06T10:14:45Z,0
Verkehrszeichenerkennung,AlexanderMelde/Verkehrszeichenerkennung,https://github.com/AlexanderMelde/Verkehrszeichenerkennung,2023-02-28T05:43:38Z,0
feature_monocular_slam,KaunilD/feature_monocular_slam,https://github.com/KaunilD/feature_monocular_slam,2022-12-27T10:14:20Z,0
TridentAdapt,HMRC-AEL/TridentAdapt,https://github.com/HMRC-AEL/TridentAdapt,2022-10-12T12:10:32Z,0
deep-nfshp,vobject/deep-nfshp,https://github.com/vobject/deep-nfshp,2022-02-22T13:58:09Z,0
AutoPylot,Autonomobile/AutoPylot,https://github.com/Autonomobile/AutoPylot,2023-03-13T19:20:40Z,0
RGBDVS-fusion,oskarnatan/RGBDVS-fusion,https://github.com/oskarnatan/RGBDVS-fusion,2023-03-17T05:22:39Z,0
Lidar-Based-SLAM,Tejas1415/Lidar-Based-SLAM,https://github.com/Tejas1415/Lidar-Based-SLAM,2022-11-14T14:20:50Z,0
pure-pursuit-python,albertoxamin/pure-pursuit-python,https://github.com/albertoxamin/pure-pursuit-python,2022-11-30T11:44:42Z,0
FFNet,zcc31415926/FFNet,https://github.com/zcc31415926/FFNet,2023-03-18T07:29:26Z,0
Motion_Planning_CARLA,NekSfyris/Motion_Planning_CARLA,https://github.com/NekSfyris/Motion_Planning_CARLA,2022-11-22T23:02:47Z,0
NGSIM_SMARTS,zbzhu99/NGSIM_SMARTS,https://github.com/zbzhu99/NGSIM_SMARTS,2022-09-14T05:31:32Z,0
segment_lane_lines,chicagoedt/segment_lane_lines,https://github.com/chicagoedt/segment_lane_lines,2022-06-06T20:44:50Z,0
Autonomouscar,dineshresearch/Autonomouscar,https://github.com/dineshresearch/Autonomouscar,2022-12-29T13:35:00Z,0
BEV-Attack,Daniel-xsy/BEV-Attack,https://github.com/Daniel-xsy/BEV-Attack,2023-03-15T07:45:42Z,0
behavioral_cloning_for_vehicle_steering,pierluigiferrari/behavioral_cloning_for_vehicle_steering,https://github.com/pierluigiferrari/behavioral_cloning_for_vehicle_steering,2022-05-30T07:32:30Z,0
Drivable-Road-Region-Detection-and-Steering-Angle-Estimation-Method,aatiibutt/Drivable-Road-Region-Detection-and-Steering-Angle-Estimation-Method,https://github.com/aatiibutt/Drivable-Road-Region-Detection-and-Steering-Angle-Estimation-Method,2022-12-10T00:33:42Z,0
Lane-and-Vehicle-Detection,rknambiar/Lane-and-Vehicle-Detection,https://github.com/rknambiar/Lane-and-Vehicle-Detection,2022-07-05T14:12:54Z,0
compact-perception,oskarnatan/compact-perception,https://github.com/oskarnatan/compact-perception,2023-02-07T02:54:40Z,0
CarND-Behavioral-Cloning-P3,zhao-zh10/CarND-Behavioral-Cloning-P3,https://github.com/zhao-zh10/CarND-Behavioral-Cloning-P3,2019-09-19T04:12:59Z,0
semantic_segmentation,filippogiruzzi/semantic_segmentation,https://github.com/filippogiruzzi/semantic_segmentation,2022-07-08T12:52:33Z,0
av1tenth,av-mae-uf/av1tenth,https://github.com/av-mae-uf/av1tenth,2023-01-09T19:24:51Z,0
AutoTruckX,shawnhan108/AutoTruckX,https://github.com/shawnhan108/AutoTruckX,2023-01-27T18:55:53Z,0
CarND-Behavioral-Cloning-P3,asuri2/CarND-Behavioral-Cloning-P3,https://github.com/asuri2/CarND-Behavioral-Cloning-P3,2020-12-10T15:02:41Z,0
DiscreteMonocular3DOD,amirulhaq/DiscreteMonocular3DOD,https://github.com/amirulhaq/DiscreteMonocular3DOD,2023-01-06T01:59:24Z,0
ALLINONE-Det,weipingxiao/ALLINONE-Det,https://github.com/weipingxiao/ALLINONE-Det,2022-11-03T15:28:16Z,0
PyLidar2,lakshmanmallidi/PyLidar2,https://github.com/lakshmanmallidi/PyLidar2,2023-02-09T09:07:49Z,3
openpilot-reimplementation,ElectronicElephant/openpilot-reimplementation,https://github.com/ElectronicElephant/openpilot-reimplementation,2023-02-17T06:42:39Z,0
Zebra_cross_detection,yshastri66/Zebra_cross_detection,https://github.com/yshastri66/Zebra_cross_detection,2022-10-11T03:20:07Z,0
autonomous-vehicles,jatinarora2702/autonomous-vehicles,https://github.com/jatinarora2702/autonomous-vehicles,2022-11-30T00:01:09Z,0
lira-mot,santimontiel/lira-mot,https://github.com/santimontiel/lira-mot,2022-11-01T19:28:11Z,0
MetaScenario,THU-changc17/MetaScenario,https://github.com/THU-changc17/MetaScenario,2023-03-15T07:30:26Z,0
DeFIX,resuldagdanov/DeFIX,https://github.com/resuldagdanov/DeFIX,2023-02-18T15:39:57Z,0
model-predictive-control,yahsiuhsieh/model-predictive-control,https://github.com/yahsiuhsieh/model-predictive-control,2023-03-12T12:48:02Z,0
autorace2017-team-loading,AuTURBO/autorace2017-team-loading,https://github.com/AuTURBO/autorace2017-team-loading,2022-06-02T12:37:29Z,0
autonomous_vehicle,arekmula/autonomous_vehicle,https://github.com/arekmula/autonomous_vehicle,2022-07-01T09:08:31Z,1
SelfDrivingCar,FredCarvalhoOliveira/SelfDrivingCar,https://github.com/FredCarvalhoOliveira/SelfDrivingCar,2022-10-16T16:30:08Z,0
Semantic-Segmentation-with-Fully-Convolutional-Nets,igolas0/Semantic-Segmentation-with-Fully-Convolutional-Nets,https://github.com/igolas0/Semantic-Segmentation-with-Fully-Convolutional-Nets,2018-04-12T15:54:45Z,0
road-object-detection-for-bdd100k,YoungYoung619/road-object-detection-for-bdd100k,https://github.com/YoungYoung619/road-object-detection-for-bdd100k,2022-10-13T20:39:46Z,0
scenario-based-rl,resuldagdanov/scenario-based-rl,https://github.com/resuldagdanov/scenario-based-rl,2022-12-11T07:53:07Z,0
HUDD-Toolset,SNTSVV/HUDD-Toolset,https://github.com/SNTSVV/HUDD-Toolset,2023-02-07T06:28:20Z,0
b3d,b3d-project/b3d,https://github.com/b3d-project/b3d,2023-03-01T19:32:08Z,0
autonomous-movement-using-lidar-data,mftnakrsu/autonomous-movement-using-lidar-data,https://github.com/mftnakrsu/autonomous-movement-using-lidar-data,2022-11-19T18:22:22Z,0
kitti360_visualize,Owen-Liuyuxuan/kitti360_visualize,https://github.com/Owen-Liuyuxuan/kitti360_visualize,2023-02-06T02:40:41Z,0
CARLA_Self-Driving_Vehicle_Control_Project,yymmaa0000/CARLA_Self-Driving_Vehicle_Control_Project,https://github.com/yymmaa0000/CARLA_Self-Driving_Vehicle_Control_Project,2022-05-23T14:35:55Z,0
sccav_cbf,Safety-Critical-Control-WIRIN/sccav_cbf,https://github.com/Safety-Critical-Control-WIRIN/sccav_cbf,2023-02-10T01:58:17Z,0
GTSRB_Neural_Network,Tom-Haustein/GTSRB_Neural_Network,https://github.com/Tom-Haustein/GTSRB_Neural_Network,2021-09-30T20:51:49Z,0
parknet,lukashaverbeck/parknet,https://github.com/lukashaverbeck/parknet,2022-06-09T08:09:25Z,0
anomaly_datasets,daniel-bogdoll/anomaly_datasets,https://github.com/daniel-bogdoll/anomaly_datasets,2023-02-15T12:32:34Z,0
PyGame_Robot_Sim,MatteoCarlone/PyGame_Robot_Sim,https://github.com/MatteoCarlone/PyGame_Robot_Sim,2022-11-23T08:18:49Z,0
TMAI,LouisDeOliveira/TMAI,https://github.com/LouisDeOliveira/TMAI,2023-02-13T00:27:20Z,0
ETFmobileRobot,eteskeredzic/ETFmobileRobot,https://github.com/eteskeredzic/ETFmobileRobot,2022-11-10T12:14:45Z,0
auto_pi_car,surajsinghbisht054/auto_pi_car,https://github.com/surajsinghbisht054/auto_pi_car,2023-01-28T11:25:38Z,0
gym-highway,szilu7/gym-highway,https://github.com/szilu7/gym-highway,2021-12-11T09:42:39Z,0
aws-autonomous-driving-data-lake-mwaa-ros-bag-image-extraction-pipeline,aws-samples/aws-autonomous-driving-data-lake-mwaa-ros-bag-image-extraction-pipeline,https://github.com/aws-samples/aws-autonomous-driving-data-lake-mwaa-ros-bag-image-extraction-pipeline,2022-03-15T08:14:20Z,0
xrl-ppo,imoneoi/xrl-ppo,https://github.com/imoneoi/xrl-ppo,2022-08-17T07:47:23Z,0
dl4ad,bornabesic/dl4ad,https://github.com/bornabesic/dl4ad,2022-11-11T12:19:40Z,0
Self-driving-with-YOLO,dec880126/Self-driving-with-YOLO,https://github.com/dec880126/Self-driving-with-YOLO,2022-05-01T08:44:37Z,1
nd013-c2-sensor-fusion,amolloma/nd013-c2-sensor-fusion,https://github.com/amolloma/nd013-c2-sensor-fusion,2022-11-29T12:49:25Z,0
Self-Driving-Vehicle-With-Carla,harshnehal1996/Self-Driving-Vehicle-With-Carla,https://github.com/harshnehal1996/Self-Driving-Vehicle-With-Carla,2023-03-07T09:27:14Z,0
autonomous-car-project,selimsahindev/autonomous-car-project,https://github.com/selimsahindev/autonomous-car-project,2022-08-23T19:35:23Z,0
pointpillar,gaowexu/pointpillar,https://github.com/gaowexu/pointpillar,2022-07-29T03:04:45Z,0
AutoLaneAssist,AdheenAjay/AutoLaneAssist,https://github.com/AdheenAjay/AutoLaneAssist,2021-09-30T20:53:52Z,0
State-Estimation-and-Localization-for-Self-Driving-Cars,ArthurChenCoding/State-Estimation-and-Localization-for-Self-Driving-Cars,https://github.com/ArthurChenCoding/State-Estimation-and-Localization-for-Self-Driving-Cars,2022-09-15T10:21:19Z,0
RL_CARLA,H-Rusch/RL_CARLA,https://github.com/H-Rusch/RL_CARLA,2022-12-03T02:38:42Z,0
Safe_imitation_learning,FangjianLi/Safe_imitation_learning,https://github.com/FangjianLi/Safe_imitation_learning,2023-03-02T07:43:22Z,0
reinforcement-learning,foxycom/reinforcement-learning,https://github.com/foxycom/reinforcement-learning,2020-01-06T14:20:44Z,0
carla_aebs,ethanmclark1/carla_aebs,https://github.com/ethanmclark1/carla_aebs,2023-03-15T22:40:50Z,0
Idd,deepanshgoyal33/Idd,https://github.com/deepanshgoyal33/Idd,2022-05-16T06:58:00Z,0
DeepRacer-2020,mwilchek/DeepRacer-2020,https://github.com/mwilchek/DeepRacer-2020,2022-11-13T12:00:05Z,0
reinforcement-learning,foxycom/reinforcement-learning,https://github.com/foxycom/reinforcement-learning,2020-01-06T14:20:44Z,0
Behavioral-Cloning,suprateembanerjee/Behavioral-Cloning,https://github.com/suprateembanerjee/Behavioral-Cloning,2022-12-03T23:55:06Z,0
kitti_deep_vo,morsingher/kitti_deep_vo,https://github.com/morsingher/kitti_deep_vo,2022-11-08T08:25:37Z,0
herocars,herolab-uga/herocars,https://github.com/herolab-uga/herocars,2023-02-26T02:09:50Z,0
Pedestrian-Detection-Faster-R-CNN,dynotw/Pedestrian-Detection-Faster-R-CNN,https://github.com/dynotw/Pedestrian-Detection-Faster-R-CNN,2021-07-27T10:38:58Z,0
MasterThesisCode,xichen-de/MasterThesisCode,https://github.com/xichen-de/MasterThesisCode,2023-02-17T03:56:54Z,0
Autonomous-Driving-through-Computer-Vision,jihoonkim25/Autonomous-Driving-through-Computer-Vision,https://github.com/jihoonkim25/Autonomous-Driving-through-Computer-Vision,2021-01-17T06:38:00Z,0
Autonomous-Vehicle-Motion-Prediction,rbenefo/Autonomous-Vehicle-Motion-Prediction,https://github.com/rbenefo/Autonomous-Vehicle-Motion-Prediction,2022-06-29T03:54:57Z,0
AutonomousRcCar,maximecharriere/AutonomousRcCar,https://github.com/maximecharriere/AutonomousRcCar,2022-01-18T09:04:21Z,0
Autonomous-driving-in-Carla,Michal-Kolomanski/Autonomous-driving-in-Carla,https://github.com/Michal-Kolomanski/Autonomous-driving-in-Carla,2022-03-08T02:28:02Z,0
core,affinis-lab/core,https://github.com/affinis-lab/core,2019-11-22T13:26:36Z,0
AVIS-Engine-Python-API,AvisEngine/AVIS-Engine-Python-API,https://github.com/AvisEngine/AVIS-Engine-Python-API,2022-11-11T14:05:34Z,0
Neural-Network-For-Lane-Detection,LevinHinder/Neural-Network-For-Lane-Detection,https://github.com/LevinHinder/Neural-Network-For-Lane-Detection,2022-12-07T08:42:26Z,7
bibli3.0,robauto/bibli3.0,https://github.com/robauto/bibli3.0,2021-12-20T19:27:23Z,0
carla-rl,nisheeth-golakiya/carla-rl,https://github.com/nisheeth-golakiya/carla-rl,2022-10-08T08:36:16Z,0
PSI-Intention,PSI-Intention2022/PSI-Intention,https://github.com/PSI-Intention2022/PSI-Intention,2023-02-13T02:59:28Z,0
aeye,kka-na/aeye,https://github.com/kka-na/aeye,2022-11-03T02:03:14Z,0
Satellite-Image-Road-Segmentation,aavek/Satellite-Image-Road-Segmentation,https://github.com/aavek/Satellite-Image-Road-Segmentation,2023-03-16T05:16:32Z,0
Self_driving_Cars,lakchchayam/Self_driving_Cars,https://github.com/lakchchayam/Self_driving_Cars,2021-09-15T08:16:26Z,0
Non-Driving-Activiy_recognition,timthegod/Non-Driving-Activiy_recognition,https://github.com/timthegod/Non-Driving-Activiy_recognition,2023-01-28T11:33:51Z,0
camvid-segmentation,a-milosavljevic/camvid-segmentation,https://github.com/a-milosavljevic/camvid-segmentation,2021-02-26T06:42:53Z,0
intervention,tomcur/intervention,https://github.com/tomcur/intervention,2022-01-07T07:42:30Z,0
EGO_MOTION_ESTIMATION,UditBhaskar19/EGO_MOTION_ESTIMATION,https://github.com/UditBhaskar19/EGO_MOTION_ESTIMATION,2023-01-29T07:23:34Z,0
pac-simulator,manfreddiaz/pac-simulator,https://github.com/manfreddiaz/pac-simulator,2022-01-13T16:30:27Z,0
sim2real,niksaz/sim2real,https://github.com/niksaz/sim2real,2023-03-11T15:38:49Z,0
Behavior_Cloning,zxy9815/Behavior_Cloning,https://github.com/zxy9815/Behavior_Cloning,2020-09-15T03:14:25Z,0
aido3,niksaz/aido3,https://github.com/niksaz/aido3,2021-01-07T21:13:00Z,0
SafeRL_Thesis,V1cVan/SafeRL_Thesis,https://github.com/V1cVan/SafeRL_Thesis,2023-01-24T14:27:43Z,0
autonomous-car-image-processing,akhil-code/autonomous-car-image-processing,https://github.com/akhil-code/autonomous-car-image-processing,2020-12-16T08:38:48Z,0
adb,m4tice/adb,https://github.com/m4tice/adb,2022-12-02T11:33:02Z,0
DMLAV,cabraile/DMLAV,https://github.com/cabraile/DMLAV,2023-01-28T01:58:09Z,0
DonkeyCar,RajK853/DonkeyCar,https://github.com/RajK853/DonkeyCar,2022-10-30T23:02:14Z,0
smart_car,Amirmoradi94/smart_car,https://github.com/Amirmoradi94/smart_car,2021-06-01T13:30:17Z,0
vehicle-tracking,gilcarmel/vehicle-tracking,https://github.com/gilcarmel/vehicle-tracking,2019-08-26T12:35:29Z,0
RVSS2019-WS,fdayoub/RVSS2019-WS,https://github.com/fdayoub/RVSS2019-WS,2023-01-18T23:25:28Z,0
pseudo-vision,yqchau/pseudo-vision,https://github.com/yqchau/pseudo-vision,2023-03-15T02:25:12Z,0
drive,shawpan/drive,https://github.com/shawpan/drive,2019-09-12T22:59:40Z,0
AuE893-Turtlebot_Autonomous_Maneuvers_Project,atefemran/AuE893-Turtlebot_Autonomous_Maneuvers_Project,https://github.com/atefemran/AuE893-Turtlebot_Autonomous_Maneuvers_Project,2021-11-21T08:57:34Z,0
video-codec-performance-for-autonomous-driving,se-research/video-codec-performance-for-autonomous-driving,https://github.com/se-research/video-codec-performance-for-autonomous-driving,2022-02-28T07:07:31Z,3
autonomous-driving-dqn-carla,RoozbehBandpey/autonomous-driving-dqn-carla,https://github.com/RoozbehBandpey/autonomous-driving-dqn-carla,2022-11-23T05:54:09Z,0
autonomous-rc-car,Yobazuk/autonomous-rc-car,https://github.com/Yobazuk/autonomous-rc-car,2022-08-07T12:04:10Z,0
Simulated_SelfDriving_Car,Confusezius/Simulated_SelfDriving_Car,https://github.com/Confusezius/Simulated_SelfDriving_Car,2020-05-26T19:01:00Z,0
steering_control_using_cnn,abhijitmahalle/steering_control_using_cnn,https://github.com/abhijitmahalle/steering_control_using_cnn,2023-02-26T19:06:46Z,0
self-steering,nghiattran/self-steering,https://github.com/nghiattran/self-steering,2022-10-08T14:43:23Z,0
thesis,duongludien/thesis,https://github.com/duongludien/thesis,2020-12-09T14:20:53Z,0
Autonomous-Navigation-Car,iamKunal/Autonomous-Navigation-Car,https://github.com/iamKunal/Autonomous-Navigation-Car,2018-07-10T18:27:31Z,0
Autonomous-Vehicle-project,JHJP/Autonomous-Vehicle-project,https://github.com/JHJP/Autonomous-Vehicle-project,2023-02-22T17:23:41Z,0
Lane-Image-Stitching-Based-on-Integrated-Inertial-Navigation,guoxxiong/Lane-Image-Stitching-Based-on-Integrated-Inertial-Navigation,https://github.com/guoxxiong/Lane-Image-Stitching-Based-on-Integrated-Inertial-Navigation,2022-08-12T18:19:45Z,0
Self-Driving-Car,Satyam4229/Self-Driving-Car,https://github.com/Satyam4229/Self-Driving-Car,2023-02-05T07:41:41Z,0
tactics2d,WoodOxen/tactics2d,https://github.com/WoodOxen/tactics2d,2023-03-09T05:14:36Z,0
SelfDrivingCarController,Fatiepie/SelfDrivingCarController,https://github.com/Fatiepie/SelfDrivingCarController,2021-04-22T16:15:51Z,0
SelfSupervisedObject3D,CedricPicron/SelfSupervisedObject3D,https://github.com/CedricPicron/SelfSupervisedObject3D,2022-07-14T12:26:47Z,0
aido2,niksaz/aido2,https://github.com/niksaz/aido2,2020-12-25T23:29:59Z,0
DucTeacher,yulonghui/DucTeacher,https://github.com/yulonghui/DucTeacher,2023-01-30T14:37:45Z,0
carla-imitation-learning,resuldagdanov/carla-imitation-learning,https://github.com/resuldagdanov/carla-imitation-learning,2023-03-06T10:08:20Z,0
Urban-Test-Generator-Fuel-Scoring-Function,masskro0/Urban-Test-Generator-Fuel-Scoring-Function,https://github.com/masskro0/Urban-Test-Generator-Fuel-Scoring-Function,2023-03-15T09:11:15Z,1
Lane_finder,Abezzam10/Lane_finder,https://github.com/Abezzam10/Lane_finder,2023-03-10T07:20:46Z,0
RaspberryPI-AutoDrive,Mark-Zhao-9527/RaspberryPI-AutoDrive,https://github.com/Mark-Zhao-9527/RaspberryPI-AutoDrive,2021-05-30T03:19:44Z,0
crgeo-learning,CommonRoad/crgeo-learning,https://github.com/CommonRoad/crgeo-learning,2023-03-09T06:52:45Z,0
P3_Behavioral_Cloning,shehjar/P3_Behavioral_Cloning,https://github.com/shehjar/P3_Behavioral_Cloning,2017-11-23T01:45:07Z,0
Guido-Autonomous_Electric_Car_Charging_Robot,yAya-yns/Guido-Autonomous_Electric_Car_Charging_Robot,https://github.com/yAya-yns/Guido-Autonomous_Electric_Car_Charging_Robot,2020-08-05T07:04:46Z,0
Detectron2-ROS,cabraile/Detectron2-ROS,https://github.com/cabraile/Detectron2-ROS,2023-02-21T15:31:35Z,0
MORAI-DriveExample_ROS,MORAI-Autonomous/MORAI-DriveExample_ROS,https://github.com/MORAI-Autonomous/MORAI-DriveExample_ROS,2022-09-16T01:55:55Z,0
carla-rllib-integration,resuldagdanov/carla-rllib-integration,https://github.com/resuldagdanov/carla-rllib-integration,2022-10-01T17:49:02Z,0
CarlaSimulator-Playground,Matesxs/CarlaSimulator-Playground,https://github.com/Matesxs/CarlaSimulator-Playground,2021-09-30T20:59:32Z,0
PMoE,mhnazeri/PMoE,https://github.com/mhnazeri/PMoE,2022-07-10T17:02:38Z,0
pysimulate,lukeharwood11/pysimulate,https://github.com/lukeharwood11/pysimulate,2022-09-24T19:55:09Z,6
sdc-codebase,dendisuhubdy/sdc-codebase,https://github.com/dendisuhubdy/sdc-codebase,2020-04-07T17:10:58Z,0
Autonomous_Driving_in_CARLA,AYUSH-ISHAN/Autonomous_Driving_in_CARLA,https://github.com/AYUSH-ISHAN/Autonomous_Driving_in_CARLA,2022-03-17T04:20:00Z,0
CARLA-behavioural-planner,pepealessio/CARLA-behavioural-planner,https://github.com/pepealessio/CARLA-behavioural-planner,2023-02-20T02:13:48Z,2
rl-mobile-robot-SAC,JM-Kim-94/rl-mobile-robot-SAC,https://github.com/JM-Kim-94/rl-mobile-robot-SAC,2022-04-19T12:38:32Z,0
VRC-SpinUp,deekb/VRC-SpinUp,https://github.com/deekb/VRC-SpinUp,2023-02-17T11:02:49Z,1
autonomous_braking,s-4-m-a-n/autonomous_braking,https://github.com/s-4-m-a-n/autonomous_braking,2023-02-02T10:48:11Z,0
dave2_nvidia,matt576/dave2_nvidia,https://github.com/matt576/dave2_nvidia,2023-03-03T14:40:11Z,0
dnn-driven-av-safety-cages,sampo-kuutti/dnn-driven-av-safety-cages,https://github.com/sampo-kuutti/dnn-driven-av-safety-cages,2022-07-11T14:50:41Z,0
Tactical-Lane-Changing,barisalhan/Tactical-Lane-Changing,https://github.com/barisalhan/Tactical-Lane-Changing,2020-11-04T13:20:40Z,0
DL-DAS,bariscankurtkaya/DL-DAS,https://github.com/bariscankurtkaya/DL-DAS,2022-10-22T16:21:58Z,0
autonomous-rc-car,rajatsc/autonomous-rc-car,https://github.com/rajatsc/autonomous-rc-car,2023-01-18T02:21:49Z,0
DeepRacer,cs12b033/DeepRacer,https://github.com/cs12b033/DeepRacer,2022-07-21T19:52:46Z,0
Understanding-RL-CARLA,t-owl/Understanding-RL-CARLA,https://github.com/t-owl/Understanding-RL-CARLA,2022-03-31T07:19:23Z,0
LiDAR-Obstacle-Detection-Udacity,Swaraj-72/LiDAR-Obstacle-Detection-Udacity,https://github.com/Swaraj-72/LiDAR-Obstacle-Detection-Udacity,2022-06-03T20:52:21Z,0
lane-detection,abhijitmahalle/lane-detection,https://github.com/abhijitmahalle/lane-detection,2023-02-28T18:56:16Z,0
SEDE,SNTSVV/SEDE,https://github.com/SNTSVV/SEDE,2022-09-26T08:19:26Z,0
ADAI_challenge,Sangh0/ADAI_challenge,https://github.com/Sangh0/ADAI_challenge,2022-11-15T13:17:26Z,0
Autonomous-Self-Driving-Car,yashtrivedi96/Autonomous-Self-Driving-Car,https://github.com/yashtrivedi96/Autonomous-Self-Driving-Car,2020-11-06T18:10:21Z,0
PiCar,hari97atri/PiCar,https://github.com/hari97atri/PiCar,2019-08-01T11:23:10Z,0
PyGroundSegmentation,JonasHablitzel/PyGroundSegmentation,https://github.com/JonasHablitzel/PyGroundSegmentation,2023-03-16T11:04:45Z,0
LEO_PROJECT,AYUSH-ISHAN/LEO_PROJECT,https://github.com/AYUSH-ISHAN/LEO_PROJECT,2022-03-21T05:38:00Z,0
SelfDrivingCarND-BehavioralCloning,ken-power/SelfDrivingCarND-BehavioralCloning,https://github.com/ken-power/SelfDrivingCarND-BehavioralCloning,2022-06-02T01:32:45Z,0
Behavioral-Cloning,apgeorg/Behavioral-Cloning,https://github.com/apgeorg/Behavioral-Cloning,2019-12-02T14:20:57Z,0
MORAI-ADModule,MORAI-Autonomous/MORAI-ADModule,https://github.com/MORAI-Autonomous/MORAI-ADModule,2022-06-28T06:02:59Z,0
carlo,Chris1nexus/carlo,https://github.com/Chris1nexus/carlo,2022-11-25T15:47:04Z,0
Azteca_marron,j-lazo/Azteca_marron,https://github.com/j-lazo/Azteca_marron,2019-04-24T14:15:53Z,0
AutonomousCar,admal/AutonomousCar,https://github.com/admal/AutonomousCar,2017-11-27T18:46:33Z,0
houghlanedetectpython,glhr/houghlanedetectpython,https://github.com/glhr/houghlanedetectpython,2021-06-15T06:44:47Z,0
matsimVoronoiGenerator,davidvelascogarcia/matsimVoronoiGenerator,https://github.com/davidvelascogarcia/matsimVoronoiGenerator,2022-02-03T16:55:16Z,0
SMARTCARS,PietroMacori/SMARTCARS,https://github.com/PietroMacori/SMARTCARS,2022-01-03T13:54:13Z,0
bootcamp_launch,shineyruan/bootcamp_launch,https://github.com/shineyruan/bootcamp_launch,2023-01-28T01:46:55Z,0
Motion-Planning-Autonomous-Driving,Loahit5101/Motion-Planning-Autonomous-Driving,https://github.com/Loahit5101/Motion-Planning-Autonomous-Driving,2023-03-07T17:40:55Z,0
aido1,niksaz/aido1,https://github.com/niksaz/aido1,2020-08-28T13:46:04Z,0
autonomous-driving-carla,engr-mubashir/autonomous-driving-carla,https://github.com/engr-mubashir/autonomous-driving-carla,2020-03-23T00:50:24Z,0
Multiclass-Semantic-Segmentation-Duckietown-Dataset,hamnaanaa/Multiclass-Semantic-Segmentation-Duckietown-Dataset,https://github.com/hamnaanaa/Multiclass-Semantic-Segmentation-Duckietown-Dataset,2023-01-11T12:30:36Z,0
Hands-Free,directedbyshawn/Hands-Free,https://github.com/directedbyshawn/Hands-Free,2022-12-12T17:55:03Z,0
aido1,niksaz/aido1,https://github.com/niksaz/aido1,2020-08-28T13:46:04Z,0
SafeSchoolBus,jeonghi/SafeSchoolBus,https://github.com/jeonghi/SafeSchoolBus,2021-01-16T01:26:51Z,0
DQN_Autonomous_Driving_Carla,imsrinin/DQN_Autonomous_Driving_Carla,https://github.com/imsrinin/DQN_Autonomous_Driving_Carla,2022-12-13T21:31:07Z,0
TrafficLineDetection,seokmin12/TrafficLineDetection,https://github.com/seokmin12/TrafficLineDetection,2022-08-11T01:48:28Z,0
sdcar,wilfredgithuka/sdcar,https://github.com/wilfredgithuka/sdcar,2019-05-11T11:57:41Z,0
udacity-simulator,AlexanderKoch-Koch/udacity-simulator,https://github.com/AlexanderKoch-Koch/udacity-simulator,2018-03-01T18:23:18Z,0
autonomous-rc-car,dinocajic/autonomous-rc-car,https://github.com/dinocajic/autonomous-rc-car,2021-04-26T23:23:09Z,0
autonomous_driving_tutorial,darkthecross/autonomous_driving_tutorial,https://github.com/darkthecross/autonomous_driving_tutorial,2019-10-20T04:59:19Z,0
AutonomousDriving-with-RL,eugeniu1994/AutonomousDriving-with-RL,https://github.com/eugeniu1994/AutonomousDriving-with-RL,2021-05-28T12:02:17Z,0
self-driving-i8,timeo-schmidt/self-driving-i8,https://github.com/timeo-schmidt/self-driving-i8,2017-10-02T16:22:32Z,0
VehicleDetection,darkthecross/VehicleDetection,https://github.com/darkthecross/VehicleDetection,2018-08-04T03:01:40Z,0
SDCND_Advanced_Lane_Finding,j-rilling/SDCND_Advanced_Lane_Finding,https://github.com/j-rilling/SDCND_Advanced_Lane_Finding,2019-09-25T12:37:15Z,0
SDCND_Behavioral_Cloning,j-rilling/SDCND_Behavioral_Cloning,https://github.com/j-rilling/SDCND_Behavioral_Cloning,2019-09-02T16:23:28Z,0
Autonomous-Low-Cost-RC_Car,Dhaour9x/Autonomous-Low-Cost-RC_Car,https://github.com/Dhaour9x/Autonomous-Low-Cost-RC_Car,2020-06-14T17:36:25Z,0
contest-avd-2021,dev-guys-unisa/contest-avd-2021,https://github.com/dev-guys-unisa/contest-avd-2021,2021-09-22T09:19:14Z,0
fsds_client,EPFL-RT-Driverless/fsds_client,https://github.com/EPFL-RT-Driverless/fsds_client,2023-01-18T15:49:55Z,0
CarND-P1-LaneLinesDetection,hossamkhalil01/CarND-P1-LaneLinesDetection,https://github.com/hossamkhalil01/CarND-P1-LaneLinesDetection,2021-02-01T18:08:58Z,0
MEME-START-Semester,MEME-Phoenix/MEME-START-Semester,https://github.com/MEME-Phoenix/MEME-START-Semester,2021-02-22T02:04:12Z,0
Autonomous-Car-Pi,RayanAziz/Autonomous-Car-Pi,https://github.com/RayanAziz/Autonomous-Car-Pi,2022-09-30T11:28:31Z,0
bev-segmentation,GreatGameDota/bev-segmentation,https://github.com/GreatGameDota/bev-segmentation,2022-09-22T15:40:50Z,0
MORAI-DriveExample_UDP,MORAI-Autonomous/MORAI-DriveExample_UDP,https://github.com/MORAI-Autonomous/MORAI-DriveExample_UDP,2022-06-28T06:01:13Z,0
semantic-segmentation,sonalrpatel/semantic-segmentation,https://github.com/sonalrpatel/semantic-segmentation,2022-09-04T13:35:58Z,0
CarND-Behavioral-Cloning-P3,vilion/CarND-Behavioral-Cloning-P3,https://github.com/vilion/CarND-Behavioral-Cloning-P3,2017-11-12T09:23:08Z,0
Autonomous-Driving-BehavioralCloning,tulabingryan/Autonomous-Driving-BehavioralCloning,https://github.com/tulabingryan/Autonomous-Driving-BehavioralCloning,2018-08-12T09:23:11Z,0
SDC-EndToEndLearning,BabakShah/SDC-EndToEndLearning,https://github.com/BabakShah/SDC-EndToEndLearning,2018-01-16T09:37:59Z,0
SDC-Behavioral-Cloning,da-phil/SDC-Behavioral-Cloning,https://github.com/da-phil/SDC-Behavioral-Cloning,2018-02-19T22:14:45Z,0
PAD,AlberBM96/PAD,https://github.com/AlberBM96/PAD,2019-08-11T10:01:50Z,0
autonomous-driving,iisys-hof/autonomous-driving,https://github.com/iisys-hof/autonomous-driving,2020-08-06T10:23:49Z,0
lanedetection,yannikmotzet/lanedetection,https://github.com/yannikmotzet/lanedetection,2021-01-17T13:14:55Z,0
autonomous_drone_tracking_tank,sahilbadyal/autonomous_drone_tracking_tank,https://github.com/sahilbadyal/autonomous_drone_tracking_tank,2020-07-13T01:09:52Z,0
CARL-dataset,aatiibutt/CARL-dataset,https://github.com/aatiibutt/CARL-dataset,2022-09-28T12:21:24Z,0
OpenCV_Lanedetection,agakshay/OpenCV_Lanedetection,https://github.com/agakshay/OpenCV_Lanedetection,2020-12-10T12:41:59Z,0
Temple-Race-Car-Deeplearning-Repository,ANI717/Temple-Race-Car-Deeplearning-Repository,https://github.com/ANI717/Temple-Race-Car-Deeplearning-Repository,2022-11-21T03:38:39Z,0
matsimConfigGenerator,davidvelascogarcia/matsimConfigGenerator,https://github.com/davidvelascogarcia/matsimConfigGenerator,2022-02-03T16:53:40Z,0
Lane-Following,WHEEL-E/Lane-Following,https://github.com/WHEEL-E/Lane-Following,2022-12-24T13:42:51Z,0
Automated-Vehicles-Research,NikhilKanamarla/Automated-Vehicles-Research,https://github.com/NikhilKanamarla/Automated-Vehicles-Research,2019-12-21T22:30:44Z,0
synthetic_vehicle_speed_detection-dataset,invett/synthetic_vehicle_speed_detection-dataset,https://github.com/invett/synthetic_vehicle_speed_detection-dataset,2021-05-25T08:58:22Z,0
USOA,tmvhs1004/USOA,https://github.com/tmvhs1004/USOA,2022-07-21T00:49:34Z,0
matsimDataGenerator,davidvelascogarcia/matsimDataGenerator,https://github.com/davidvelascogarcia/matsimDataGenerator,2022-02-03T16:54:38Z,0
hw_adse,junmeng6025/hw_adse,https://github.com/junmeng6025/hw_adse,2022-04-13T08:04:17Z,0
CollisionWarningService,5G-ERA/CollisionWarningService,https://github.com/5G-ERA/CollisionWarningService,2023-03-02T12:13:41Z,0
CarND-Advanced-Lane-Lines-P4,joethompson1961/CarND-Advanced-Lane-Lines-P4,https://github.com/joethompson1961/CarND-Advanced-Lane-Lines-P4,2017-07-13T22:36:37Z,0
matsimNetGenerator,davidvelascogarcia/matsimNetGenerator,https://github.com/davidvelascogarcia/matsimNetGenerator,2022-02-03T16:54:51Z,0
parknet-21,lukashaverbeck/parknet-21,https://github.com/lukashaverbeck/parknet-21,2022-09-18T08:02:27Z,0
CoreSegNet,Gio99c/CoreSegNet,https://github.com/Gio99c/CoreSegNet,2022-06-25T07:48:35Z,0
Sign-Recognition-Porsche-Hack-2022,davidmartinez13/Sign-Recognition-Porsche-Hack-2022,https://github.com/davidmartinez13/Sign-Recognition-Porsche-Hack-2022,2022-07-04T14:56:54Z,0
acar,Miikkasna/acar,https://github.com/Miikkasna/acar,2022-08-27T07:37:20Z,0
CarND-Behavioral-Cloning-P3,joethompson1961/CarND-Behavioral-Cloning-P3,https://github.com/joethompson1961/CarND-Behavioral-Cloning-P3,2017-07-13T22:38:58Z,0
3D-Object-Detection,jaswanthbjk/3D-Object-Detection,https://github.com/jaswanthbjk/3D-Object-Detection,2021-08-05T17:28:06Z,0
pathgan_pytorch,d1024choi/pathgan_pytorch,https://github.com/d1024choi/pathgan_pytorch,2022-07-26T03:51:42Z,0
matsimPlansGenerator,davidvelascogarcia/matsimPlansGenerator,https://github.com/davidvelascogarcia/matsimPlansGenerator,2022-02-03T16:55:03Z,0
CarND-Behavioral-Cloning-P3,mischastik/CarND-Behavioral-Cloning-P3,https://github.com/mischastik/CarND-Behavioral-Cloning-P3,2017-10-20T21:39:59Z,0
detekcja-przeszkod,robert-czwartosz/detekcja-przeszkod,https://github.com/robert-czwartosz/detekcja-przeszkod,2020-10-27T16:11:24Z,0
rnn_vae,3lis/rnn_vae,https://github.com/3lis/rnn_vae,2020-04-07T18:11:01Z,0
generative-cars,AleTM1/generative-cars,https://github.com/AleTM1/generative-cars,2021-04-14T11:18:10Z,0
SelfDrivingCar,amaankhan02/SelfDrivingCar,https://github.com/amaankhan02/SelfDrivingCar,2022-07-24T14:08:05Z,0
da-panopticfpn,Chris1nexus/da-panopticfpn,https://github.com/Chris1nexus/da-panopticfpn,2022-11-25T15:45:04Z,0
agbotROS2019,UM-agBOT/agbotROS2019,https://github.com/UM-agBOT/agbotROS2019,2020-04-09T01:00:31Z,0
hough-circle-traffic-light,jordankzf/hough-circle-traffic-light,https://github.com/jordankzf/hough-circle-traffic-light,2021-01-12T08:49:28Z,0
Autonomous-Vehicle-System,naveen21553/Autonomous-Vehicle-System,https://github.com/naveen21553/Autonomous-Vehicle-System,2020-10-07T15:17:41Z,0
matsimDataAdapter,davidvelascogarcia/matsimDataAdapter,https://github.com/davidvelascogarcia/matsimDataAdapter,2022-02-03T16:54:26Z,0
NEAT_competition,Gabri95/NEAT_competition,https://github.com/Gabri95/NEAT_competition,2018-02-05T16:00:46Z,0
drive_learner,RedwanNewaz/drive_learner,https://github.com/RedwanNewaz/drive_learner,2018-02-02T01:35:44Z,0
ros2-autonomous-driving,mortenterhart/ros2-autonomous-driving,https://github.com/mortenterhart/ros2-autonomous-driving,2022-10-27T23:05:54Z,0
autonomous-car,skumar24/autonomous-car,https://github.com/skumar24/autonomous-car,2019-08-14T18:11:05Z,0
AutonomousDrivingSimulator,Miikkasna/AutonomousDrivingSimulator,https://github.com/Miikkasna/AutonomousDrivingSimulator,2022-08-27T07:44:51Z,0
ros_deu,pers0n4/ros_deu,https://github.com/pers0n4/ros_deu,2021-12-19T09:19:19Z,1
simpleAutonomousDriving,Matteo-Sperti/simpleAutonomousDriving,https://github.com/Matteo-Sperti/simpleAutonomousDriving,2022-12-16T21:59:58Z,0
traffic_sign_detection,projektdexter/traffic_sign_detection,https://github.com/projektdexter/traffic_sign_detection,2022-11-23T20:56:28Z,0
LG-AI_Rader,GNOEYHEAT/LG-AI_Rader,https://github.com/GNOEYHEAT/LG-AI_Rader,2022-09-14T04:40:02Z,0
CarND-Behavioral-Cloning-Project-4,myresearch-ai/CarND-Behavioral-Cloning-Project-4,https://github.com/myresearch-ai/CarND-Behavioral-Cloning-Project-4,2021-08-17T02:44:47Z,0
Self-Driving-Car,somjit101/Self-Driving-Car,https://github.com/somjit101/Self-Driving-Car,2021-11-23T05:25:45Z,0
Defects4DL,MissMeriel/Defects4DL,https://github.com/MissMeriel/Defects4DL,2022-07-20T16:38:26Z,0
Autonomous_car_behavioural_cloning,Anuhya101/Autonomous_car_behavioural_cloning,https://github.com/Anuhya101/Autonomous_car_behavioural_cloning,2022-03-11T07:28:16Z,0
autonomous-driving-simulated,abh006/autonomous-driving-simulated,https://github.com/abh006/autonomous-driving-simulated,2020-07-16T14:55:51Z,0
Self-driving-cars,Peyxw/Self-driving-cars,https://github.com/Peyxw/Self-driving-cars,2021-07-23T23:06:55Z,0
Behavioral_Cloning,jinglebot/Behavioral_Cloning,https://github.com/jinglebot/Behavioral_Cloning,2017-07-20T20:10:00Z,0
CarND-Vehicle-Detection-P5,joethompson1961/CarND-Vehicle-Detection-P5,https://github.com/joethompson1961/CarND-Vehicle-Detection-P5,2017-07-13T23:20:12Z,0
