,Name,NameWithOwner,Url,UpdateAt,Num_of_Releases
0,PythonRobotics,AtsushiSakai/PythonRobotics,https://github.com/AtsushiSakai/PythonRobotics,2023-03-07T15:18:57Z,0
1,Ultra-Fast-Lane-Detection,cfzd/Ultra-Fast-Lane-Detection,https://github.com/cfzd/Ultra-Fast-Lane-Detection,2023-03-07T07:24:35Z,0
2,MotionPlanning,zhm-real/MotionPlanning,https://github.com/zhm-real/MotionPlanning,2023-03-07T07:42:02Z,0
3,l5kit,woven-planet/l5kit,https://github.com/woven-planet/l5kit,2023-02-25T13:23:59Z,0
4,SqueezeSeg,BichenWuUCB/SqueezeSeg,https://github.com/BichenWuUCB/SqueezeSeg,2023-02-08T03:04:06Z,0
5,Cam2BEV,ika-rwth-aachen/Cam2BEV,https://github.com/ika-rwth-aachen/Cam2BEV,2023-03-07T08:32:10Z,0
6,pylot,erdos-project/pylot,https://github.com/erdos-project/pylot,2023-03-06T12:46:19Z,6
7,RTM3D,maudzung/RTM3D,https://github.com/maudzung/RTM3D,2023-03-04T05:56:40Z,0
8,UrbanLoco,weisongwen/UrbanLoco,https://github.com/weisongwen/UrbanLoco,2023-03-04T13:57:18Z,0
9,LearningByCheating,dotchen/LearningByCheating,https://github.com/dotchen/LearningByCheating,2023-03-01T10:03:34Z,0
10,autodrome,vojtamolda/autodrome,https://github.com/vojtamolda/autodrome,2023-01-05T00:37:07Z,0
11,CVPR2023-3D-Occupancy-Prediction,CVPR2023-3D-Occupancy-Prediction/CVPR2023-3D-Occupancy-Prediction,https://github.com/CVPR2023-3D-Occupancy-Prediction/CVPR2023-3D-Occupancy-Prediction,2023-03-07T16:25:47Z,0
12,waymo-motion-prediction-challenge-2022-multipath-plus-plus,stepankonev/waymo-motion-prediction-challenge-2022-multipath-plus-plus,https://github.com/stepankonev/waymo-motion-prediction-challenge-2022-multipath-plus-plus,2023-03-07T09:10:00Z,0
13,vision3d,jhultman/vision3d,https://github.com/jhultman/vision3d,2023-01-25T18:03:16Z,0
14,av2-api,argoverse/av2-api,https://github.com/argoverse/av2-api,2023-03-04T00:20:34Z,3
15,BtcDet,Xharlie/BtcDet,https://github.com/Xharlie/BtcDet,2023-03-04T16:57:27Z,0
16,BeamNGpy,BeamNG/BeamNGpy,https://github.com/BeamNG/BeamNGpy,2023-03-05T18:33:58Z,0
17,Carla_iLQR_MPC,YukunXia/Carla_iLQR_MPC,https://github.com/YukunXia/Carla_iLQR_MPC,2023-02-07T15:38:54Z,0
18,Automatic-Parking,Pandas-Team/Automatic-Parking,https://github.com/Pandas-Team/Automatic-Parking,2023-03-02T07:06:54Z,1
19,Error-State-Extended-Kalman-Filter,enginBozkurt/Error-State-Extended-Kalman-Filter,https://github.com/enginBozkurt/Error-State-Extended-Kalman-Filter,2023-02-08T08:08:36Z,0
20,MultiAgentTORCS,abhisheknaik96/MultiAgentTORCS,https://github.com/abhisheknaik96/MultiAgentTORCS,2022-12-11T03:01:21Z,0
21,CoBEVT,DerrickXuNu/CoBEVT,https://github.com/DerrickXuNu/CoBEVT,2023-03-06T12:01:26Z,0
22,PGP,nachiket92/PGP,https://github.com/nachiket92/PGP,2023-03-07T02:17:15Z,0
23,GndNet,anshulpaigwar/GndNet,https://github.com/anshulpaigwar/GndNet,2023-03-06T12:19:29Z,0
24,RCNN-Vehicle-Tracking-Lane-Detection,tj27-vkr/RCNN-Vehicle-Tracking-Lane-Detection,https://github.com/tj27-vkr/RCNN-Vehicle-Tracking-Lane-Detection,2022-11-21T15:04:43Z,0
25,gsnet,lkeab/gsnet,https://github.com/lkeab/gsnet,2023-03-05T04:49:20Z,0
26,SelfDrivingRCCar,sidroopdaska/SelfDrivingRCCar,https://github.com/sidroopdaska/SelfDrivingRCCar,2023-01-27T11:14:06Z,0
27,WIMP,wqi/WIMP,https://github.com/wqi/WIMP,2023-03-02T08:31:39Z,1
28,SelfDrivingCarsControlDesign,enginBozkurt/SelfDrivingCarsControlDesign,https://github.com/enginBozkurt/SelfDrivingCarsControlDesign,2023-03-04T08:11:43Z,0
29,MIT-Driverless-CV-TrainingInfra,cv-core/MIT-Driverless-CV-TrainingInfra,https://github.com/cv-core/MIT-Driverless-CV-TrainingInfra,2023-02-18T08:47:09Z,0
30,Tonic,mmajewsk/Tonic,https://github.com/mmajewsk/Tonic,2023-03-04T10:30:06Z,0
31,Waymo_Kitti_Adapter,Yao-Shao/Waymo_Kitti_Adapter,https://github.com/Yao-Shao/Waymo_Kitti_Adapter,2023-01-18T20:02:52Z,0
32,RRPN,mrnabati/RRPN,https://github.com/mrnabati/RRPN,2023-03-07T03:14:26Z,0
33,ld-lsi,fabvio/ld-lsi,https://github.com/fabvio/ld-lsi,2023-01-31T00:20:53Z,0
34,carla-training-data,enginBozkurt/carla-training-data,https://github.com/enginBozkurt/carla-training-data,2023-02-21T00:42:25Z,0
35,drift_drl,caipeide/drift_drl,https://github.com/caipeide/drift_drl,2023-03-04T06:01:00Z,0
36,autonomous_driving,StatueFungus/autonomous_driving,https://github.com/StatueFungus/autonomous_driving,2023-02-23T23:30:41Z,0
37,OGC,vLAR-group/OGC,https://github.com/vLAR-group/OGC,2023-03-05T10:38:30Z,0
38,pyMHT,erikliland/pyMHT,https://github.com/erikliland/pyMHT,2023-02-27T04:09:21Z,4
39,Attentional-PointNet,anshulpaigwar/Attentional-PointNet,https://github.com/anshulpaigwar/Attentional-PointNet,2023-02-10T13:21:15Z,0
40,TuSimple-lane-classes,fabvio/TuSimple-lane-classes,https://github.com/fabvio/TuSimple-lane-classes,2023-02-06T11:51:30Z,0
41,rc_car_ros,GigaFlopsis/rc_car_ros,https://github.com/GigaFlopsis/rc_car_ros,2023-02-06T20:52:40Z,0
42,Voof,antoninodimaggio/Voof,https://github.com/antoninodimaggio/Voof,2022-11-10T03:47:09Z,0
43,SCUTTLE,scuttlerobot/SCUTTLE,https://github.com/scuttlerobot/SCUTTLE,2023-01-11T12:11:21Z,0
44,shift-dev,SysCV/shift-dev,https://github.com/SysCV/shift-dev,2023-03-02T05:27:10Z,0
45,DeepTL-Lane-Change-Classification,Ekim-Yurtsever/DeepTL-Lane-Change-Classification,https://github.com/Ekim-Yurtsever/DeepTL-Lane-Change-Classification,2023-02-02T08:17:36Z,0
46,fastreg,eduardohenriquearnold/fastreg,https://github.com/eduardohenriquearnold/fastreg,2023-02-19T12:37:50Z,0
47,AdvancedLaneDetection,KushalBKusram/AdvancedLaneDetection,https://github.com/KushalBKusram/AdvancedLaneDetection,2023-03-06T11:48:47Z,0
48,Radar-RGB-Attentive-Multimodal-Object-Detection,RituYadav92/Radar-RGB-Attentive-Multimodal-Object-Detection,https://github.com/RituYadav92/Radar-RGB-Attentive-Multimodal-Object-Detection,2023-02-16T18:40:54Z,0
49,PyLidar3,lakshmanmallidi/PyLidar3,https://github.com/lakshmanmallidi/PyLidar3,2023-01-04T17:11:01Z,3
50,constrained_attention_filter,ahmdtaha/constrained_attention_filter,https://github.com/ahmdtaha/constrained_attention_filter,2022-08-05T14:16:27Z,0
51,wasr_network,bborja/wasr_network,https://github.com/bborja/wasr_network,2023-02-26T13:54:30Z,0
52,monstereo,vita-epfl/monstereo,https://github.com/vita-epfl/monstereo,2023-01-31T09:12:23Z,2
53,burro,yconst/burro,https://github.com/yconst/burro,2023-01-28T10:51:22Z,1
54,LaneGCN_ref,zhaone/LaneGCN_ref,https://github.com/zhaone/LaneGCN_ref,2023-03-02T07:47:44Z,0
55,simobility,sash-ko/simobility,https://github.com/sash-ko/simobility,2022-10-01T20:51:19Z,2
56,catvehicle,jmscslgroup/catvehicle,https://github.com/jmscslgroup/catvehicle,2022-11-17T07:06:22Z,1
57,glcapsnet,javiermcebrian/glcapsnet,https://github.com/javiermcebrian/glcapsnet,2022-09-16T23:23:17Z,0
58,cyber_record,daohu527/cyber_record,https://github.com/daohu527/cyber_record,2023-03-06T02:22:28Z,2
59,NPSN,InhwanBae/NPSN,https://github.com/InhwanBae/NPSN,2023-02-14T07:38:07Z,0
60,Trajformer,Manojbhat09/Trajformer,https://github.com/Manojbhat09/Trajformer,2023-01-10T00:19:39Z,0
61,CARLA_Motion_Planning_for_Self-Driving_Cars_Project,yymmaa0000/CARLA_Motion_Planning_for_Self-Driving_Cars_Project,https://github.com/yymmaa0000/CARLA_Motion_Planning_for_Self-Driving_Cars_Project,2023-02-15T19:10:48Z,0
62,ai-driver-safety,prasad-kumkar/ai-driver-safety,https://github.com/prasad-kumkar/ai-driver-safety,2023-02-10T15:17:47Z,0
63,Monocular-Vehicle-Localization,tj27-vkr/Monocular-Vehicle-Localization,https://github.com/tj27-vkr/Monocular-Vehicle-Localization,2022-04-03T08:57:37Z,0
64,GPGraph,InhwanBae/GPGraph,https://github.com/InhwanBae/GPGraph,2023-01-15T08:39:45Z,0
65,stretchbev,kaanakan/stretchbev,https://github.com/kaanakan/stretchbev,2023-03-07T12:14:27Z,1
66,lyft-motion-prediction-for-autonomous-vehicle,JerryIshihara/lyft-motion-prediction-for-autonomous-vehicle,https://github.com/JerryIshihara/lyft-motion-prediction-for-autonomous-vehicle,2023-01-24T00:51:04Z,0
67,detection-attributes-fields,vita-epfl/detection-attributes-fields,https://github.com/vita-epfl/detection-attributes-fields,2023-02-17T00:54:40Z,0
68,ESP32-Autonomous-car,rakesh-i/ESP32-Autonomous-car,https://github.com/rakesh-i/ESP32-Autonomous-car,2023-02-16T16:35:52Z,0
69,Model-Predictive-Control-Carla,abwerby/Model-Predictive-Control-Carla,https://github.com/abwerby/Model-Predictive-Control-Carla,2023-03-01T16:36:35Z,0
70,tctb,intelaligent/tctb,https://github.com/intelaligent/tctb,2022-11-23T12:40:01Z,1
71,AutoLabeler,MankaranSingh/AutoLabeler,https://github.com/MankaranSingh/AutoLabeler,2022-10-21T09:13:28Z,0
72,DDRNets,hamidriasat/DDRNets,https://github.com/hamidriasat/DDRNets,2023-02-24T06:40:26Z,0
73,Argus,khaledsabry97/Argus,https://github.com/khaledsabry97/Argus,2023-03-05T19:43:52Z,0
74,RONELD-Lane-Detection,czming/RONELD-Lane-Detection,https://github.com/czming/RONELD-Lane-Detection,2022-11-26T18:17:34Z,0
75,Stereo-3D-Object-Detection-for-Autonomous-Driving,srinu6/Stereo-3D-Object-Detection-for-Autonomous-Driving,https://github.com/srinu6/Stereo-3D-Object-Detection-for-Autonomous-Driving,2023-02-13T08:50:45Z,0
76,AutonomousRobots-Kalman-Filter,mftnakrsu/AutonomousRobots-Kalman-Filter,https://github.com/mftnakrsu/AutonomousRobots-Kalman-Filter,2022-07-18T06:18:30Z,0
77,DeepEye,thayerAlshaabi/DeepEye,https://github.com/thayerAlshaabi/DeepEye,2023-02-02T06:07:04Z,0
78,Trajectory-Detection-Web-services,Ahuratus/Trajectory-Detection-Web-services,https://github.com/Ahuratus/Trajectory-Detection-Web-services,2022-09-17T12:03:25Z,0
79,carla-rl,bhairavmehta95/carla-rl,https://github.com/bhairavmehta95/carla-rl,2022-10-01T06:45:51Z,0
80,ssdf-nncore,HCMUS-ROBOTICS/ssdf-nncore,https://github.com/HCMUS-ROBOTICS/ssdf-nncore,2022-10-12T03:10:46Z,0
81,buzzmobile,gtagency/buzzmobile,https://github.com/gtagency/buzzmobile,2023-03-03T22:22:01Z,0
82,QUTMS_Driverless,QUT-Motorsport/QUTMS_Driverless,https://github.com/QUT-Motorsport/QUTMS_Driverless,2023-02-10T01:23:45Z,0
83,TatamiRacer,covao/TatamiRacer,https://github.com/covao/TatamiRacer,2023-02-13T00:02:11Z,0
84,Self-Driving-Car,dhairyaostwal/Self-Driving-Car,https://github.com/dhairyaostwal/Self-Driving-Car,2022-07-01T06:36:35Z,0
85,PCLSegmentation,ika-rwth-aachen/PCLSegmentation,https://github.com/ika-rwth-aachen/PCLSegmentation,2022-09-28T13:57:15Z,3
86,comprehensive_simulation_traffic_analysis_software,shanto268/comprehensive_simulation_traffic_analysis_software,https://github.com/shanto268/comprehensive_simulation_traffic_analysis_software,2023-02-17T08:44:03Z,0
87,Lasernet,atyshka/Lasernet,https://github.com/atyshka/Lasernet,2023-02-15T06:20:51Z,0
88,kaggle-lyft-motion-pred,Fkaneko/kaggle-lyft-motion-pred,https://github.com/Fkaneko/kaggle-lyft-motion-pred,2023-03-06T00:16:33Z,0
89,IntersectionControl,julesdehon/IntersectionControl,https://github.com/julesdehon/IntersectionControl,2023-01-30T14:54:06Z,2
90,SCADC-DepthCompletion,choyingw/SCADC-DepthCompletion,https://github.com/choyingw/SCADC-DepthCompletion,2023-03-06T09:25:19Z,0
91,HEVEN_AutonomousCar_2018,Jueun-Park/HEVEN_AutonomousCar_2018,https://github.com/Jueun-Park/HEVEN_AutonomousCar_2018,2022-12-11T13:41:06Z,0
92,DynEnv,szemenyeim/DynEnv,https://github.com/szemenyeim/DynEnv,2023-02-16T09:21:12Z,5
93,mini-datasets,jadnohra/mini-datasets,https://github.com/jadnohra/mini-datasets,2023-01-31T22:53:18Z,0
94,ScanBot_ECS,ndouard/ScanBot_ECS,https://github.com/ndouard/ScanBot_ECS,2022-12-16T08:04:13Z,0
95,density_planner,MIT-REALM/density_planner,https://github.com/MIT-REALM/density_planner,2023-03-01T01:36:39Z,0
96,NaSch_CA_Traffic_Flow_Analysis_Software,shanto268/NaSch_CA_Traffic_Flow_Analysis_Software,https://github.com/shanto268/NaSch_CA_Traffic_Flow_Analysis_Software,2023-02-17T12:08:32Z,0
97,Autonomous-Car-Simulation-Based-on-AVIS-Engine-FIRA-2021,Pandas-Team/Autonomous-Car-Simulation-Based-on-AVIS-Engine-FIRA-2021,https://github.com/Pandas-Team/Autonomous-Car-Simulation-Based-on-AVIS-Engine-FIRA-2021,2023-01-16T08:24:21Z,0
98,lp-ocr,rtharungowda/lp-ocr,https://github.com/rtharungowda/lp-ocr,2022-11-16T15:24:47Z,0
99,talkycars-thesis,muety/talkycars-thesis,https://github.com/muety/talkycars-thesis,2023-01-31T07:18:23Z,0
100,Freespace_Segmentation-Ford_Otosan_Intern,recepayddogdu/Freespace_Segmentation-Ford_Otosan_Intern,https://github.com/recepayddogdu/Freespace_Segmentation-Ford_Otosan_Intern,2022-10-13T18:46:38Z,0
101,pycyber,daohu527/pycyber,https://github.com/daohu527/pycyber,2023-01-30T11:02:40Z,1
102,AirSim-PyTorch-Drone-DDQN-Agent,batuhan3526/AirSim-PyTorch-Drone-DDQN-Agent,https://github.com/batuhan3526/AirSim-PyTorch-Drone-DDQN-Agent,2023-03-04T13:16:45Z,0
103,Dynamic-CIL-Driving,heshameraqi/Dynamic-CIL-Driving,https://github.com/heshameraqi/Dynamic-CIL-Driving,2022-12-15T00:50:10Z,0
104,Self-Driving-Car-Projects,Geniussh/Self-Driving-Car-Projects,https://github.com/Geniussh/Self-Driving-Car-Projects,2022-08-02T13:26:26Z,0
105,End-to-End-Self-Driving-Car,Ansheel9/End-to-End-Self-Driving-Car,https://github.com/Ansheel9/End-to-End-Self-Driving-Car,2023-02-08T20:48:08Z,0
106,capstone-project,tokyo-drift/capstone-project,https://github.com/tokyo-drift/capstone-project,2021-12-02T14:22:36Z,0
107,lane_detection,aelmiger/lane_detection,https://github.com/aelmiger/lane_detection,2022-10-07T18:42:09Z,0
108,BiSeNetV2,hamidriasat/BiSeNetV2,https://github.com/hamidriasat/BiSeNetV2,2023-02-24T06:40:34Z,0
109,aws-autonomous-driving-data-lake-ros-bag-scene-detection-pipeline,aws-samples/aws-autonomous-driving-data-lake-ros-bag-scene-detection-pipeline,https://github.com/aws-samples/aws-autonomous-driving-data-lake-ros-bag-scene-detection-pipeline,2023-01-10T16:06:45Z,0
110,ANTI-CARLA,scope-lab-vu/ANTI-CARLA,https://github.com/scope-lab-vu/ANTI-CARLA,2023-01-31T12:25:22Z,0
111,PIDNet,hamidriasat/PIDNet,https://github.com/hamidriasat/PIDNet,2023-02-24T06:40:28Z,0
112,ASVPathPlanningGA,Mariuspy/ASVPathPlanningGA,https://github.com/Mariuspy/ASVPathPlanningGA,2023-02-01T02:48:26Z,0
113,self-driving-car-simulator,benjaminykim/self-driving-car-simulator,https://github.com/benjaminykim/self-driving-car-simulator,2022-03-08T09:46:36Z,0
114,Semantic-Segmentation-using-Fully-Convolutional-Networks,mohamedameen93/Semantic-Segmentation-using-Fully-Convolutional-Networks,https://github.com/mohamedameen93/Semantic-Segmentation-using-Fully-Convolutional-Networks,2022-10-21T10:45:38Z,0
115,SemDisc,vita-epfl/SemDisc,https://github.com/vita-epfl/SemDisc,2023-01-22T08:07:41Z,0
116,Project-Intelligent-Car,UvinduW/Project-Intelligent-Car,https://github.com/UvinduW/Project-Intelligent-Car,2021-09-30T20:49:57Z,0
117,Rambo,naiveHobo/Rambo,https://github.com/naiveHobo/Rambo,2019-11-20T02:48:25Z,0
118,Randoms,PrieureDeSion/Randoms,https://github.com/PrieureDeSion/Randoms,2023-03-05T03:59:22Z,0
119,speed_estimation,NeilNie/speed_estimation,https://github.com/NeilNie/speed_estimation,2021-11-24T13:59:16Z,0
120,Autonomous-Vehicles-Adaptive-Cruise-Control,kochlisGit/Autonomous-Vehicles-Adaptive-Cruise-Control,https://github.com/kochlisGit/Autonomous-Vehicles-Adaptive-Cruise-Control,2023-02-23T12:25:45Z,0
121,cdoa-localization,herolab-uga/cdoa-localization,https://github.com/herolab-uga/cdoa-localization,2023-02-26T02:09:28Z,0
122,GAIS-Net,choyingw/GAIS-Net,https://github.com/choyingw/GAIS-Net,2022-03-29T02:24:29Z,0
123,DeepCollision,simplexity-lab/DeepCollision,https://github.com/simplexity-lab/DeepCollision,2023-01-22T22:12:47Z,0
124,VeIGAN,nuneslu/VeIGAN,https://github.com/nuneslu/VeIGAN,2022-02-22T09:07:45Z,0
125,Lane-Detection-for-Autonomous-Navigation-Classical-Method-,Vijayhiga/Lane-Detection-for-Autonomous-Navigation-Classical-Method-,https://github.com/Vijayhiga/Lane-Detection-for-Autonomous-Navigation-Classical-Method-,2022-02-22T09:13:39Z,0
126,nissanleaf-lgsvl,szenergy/nissanleaf-lgsvl,https://github.com/szenergy/nissanleaf-lgsvl,2022-11-30T10:18:47Z,1
127,kalman-filter-localization,raghuramshankar/kalman-filter-localization,https://github.com/raghuramshankar/kalman-filter-localization,2023-01-11T15:24:40Z,0
128,Motion_Planning_CARLA,NekSfyris/Motion_Planning_CARLA,https://github.com/NekSfyris/Motion_Planning_CARLA,2022-11-22T23:02:47Z,0
129,av1tenth,av-mae-uf/av1tenth,https://github.com/av-mae-uf/av1tenth,2023-01-09T19:24:51Z,0
130,RL-Autonomous-Networking,andreabac3/RL-Autonomous-Networking,https://github.com/andreabac3/RL-Autonomous-Networking,2021-12-27T10:03:31Z,0
131,DataGAN,srianumakonda/DataGAN,https://github.com/srianumakonda/DataGAN,2022-10-11T21:46:32Z,0
132,Autonomouscar,dineshresearch/Autonomouscar,https://github.com/dineshresearch/Autonomouscar,2022-12-29T13:35:00Z,0
133,Drivable-Road-Region-Detection-and-Steering-Angle-Estimation-Method,aatiibutt/Drivable-Road-Region-Detection-and-Steering-Angle-Estimation-Method,https://github.com/aatiibutt/Drivable-Road-Region-Detection-and-Steering-Angle-Estimation-Method,2022-12-10T00:33:42Z,0
134,YOLOER_V1,HassanBinHaroon/YOLOER_V1,https://github.com/HassanBinHaroon/YOLOER_V1,2023-03-03T00:03:22Z,0
135,semantic_segmentation,filippogiruzzi/semantic_segmentation,https://github.com/filippogiruzzi/semantic_segmentation,2022-07-08T12:52:33Z,0
136,SelfDrivingProject_MiniTesla,HaiderAbasi/SelfDrivingProject_MiniTesla,https://github.com/HaiderAbasi/SelfDrivingProject_MiniTesla,2023-03-03T07:03:45Z,3
137,behavioral_cloning_for_vehicle_steering,pierluigiferrari/behavioral_cloning_for_vehicle_steering,https://github.com/pierluigiferrari/behavioral_cloning_for_vehicle_steering,2022-05-30T07:32:30Z,0
138,Lane-and-Vehicle-Detection,rknambiar/Lane-and-Vehicle-Detection,https://github.com/rknambiar/Lane-and-Vehicle-Detection,2022-07-05T14:12:54Z,0
139,Realtime-Alerting-System-for-Autonomous-Vehicles,code-Assasin/Realtime-Alerting-System-for-Autonomous-Vehicles,https://github.com/code-Assasin/Realtime-Alerting-System-for-Autonomous-Vehicles,2021-11-11T08:48:18Z,0
140,Autonomous-Systems-Guide,mikeroyal/Autonomous-Systems-Guide,https://github.com/mikeroyal/Autonomous-Systems-Guide,2023-02-02T10:43:59Z,0
141,CarND-Behavioral-Cloning-P3,zhao-zh10/CarND-Behavioral-Cloning-P3,https://github.com/zhao-zh10/CarND-Behavioral-Cloning-P3,2019-09-19T04:12:59Z,0
142,WaymoOpenDatasetToolKit,KushalBKusram/WaymoOpenDatasetToolKit,https://github.com/KushalBKusram/WaymoOpenDatasetToolKit,2023-02-18T08:40:41Z,1
143,Driving_simulator_for_RL_IL,FangjianLi/Driving_simulator_for_RL_IL,https://github.com/FangjianLi/Driving_simulator_for_RL_IL,2023-01-17T17:36:03Z,0
144,MOOCs,ankitaggarwal011/MOOCs,https://github.com/ankitaggarwal011/MOOCs,2022-01-08T04:06:16Z,0
145,QLearning_Autonomous_Vehicle_Experiment,shanto268/QLearning_Autonomous_Vehicle_Experiment,https://github.com/shanto268/QLearning_Autonomous_Vehicle_Experiment,2023-02-17T12:07:56Z,1
146,tristereonet,cogsys-tuebingen/tristereonet,https://github.com/cogsys-tuebingen/tristereonet,2023-01-31T19:18:47Z,0
147,mobinha,inha-cvl/mobinha,https://github.com/inha-cvl/mobinha,2023-02-15T19:49:39Z,0
148,One_Tenth_Scale_Autonomous_Vehicle,eandert/One_Tenth_Scale_Autonomous_Vehicle,https://github.com/eandert/One_Tenth_Scale_Autonomous_Vehicle,2023-03-03T06:25:26Z,0
149,PyLidar2,lakshmanmallidi/PyLidar2,https://github.com/lakshmanmallidi/PyLidar2,2023-02-09T09:07:49Z,3
150,openpilot-reimplementation,ElectronicElephant/openpilot-reimplementation,https://github.com/ElectronicElephant/openpilot-reimplementation,2023-02-17T06:42:39Z,0
151,mark1_project,hoangtnm/mark1_project,https://github.com/hoangtnm/mark1_project,2022-12-12T17:31:17Z,0
152,AutoTruckX,shawnhan108/AutoTruckX,https://github.com/shawnhan108/AutoTruckX,2023-01-27T18:55:53Z,0
153,selfDrivingRobot,aleksandarPlu/selfDrivingRobot,https://github.com/aleksandarPlu/selfDrivingRobot,2022-05-01T16:20:55Z,0
154,SDC-AdvancedLaneLines,BabakShah/SDC-AdvancedLaneLines,https://github.com/BabakShah/SDC-AdvancedLaneLines,2022-07-24T12:30:54Z,0
155,AIgle_Racer,vguillet/AIgle_Racer,https://github.com/vguillet/AIgle_Racer,2022-10-27T13:07:07Z,0
156,crgeo,CommonRoad/crgeo,https://github.com/CommonRoad/crgeo,2023-02-22T08:27:16Z,0
157,roundabout,m-hasan-n/roundabout,https://github.com/m-hasan-n/roundabout,2022-10-16T02:19:24Z,0
158,Autonomous_Electric_Wheelchair,ryanmccartney/Autonomous_Electric_Wheelchair,https://github.com/ryanmccartney/Autonomous_Electric_Wheelchair,2021-10-20T12:59:44Z,1
159,CarND-Behavioral-Cloning-P3,asuri2/CarND-Behavioral-Cloning-P3,https://github.com/asuri2/CarND-Behavioral-Cloning-P3,2020-12-10T15:02:41Z,0
160,autonomous_vehicle,arekmula/autonomous_vehicle,https://github.com/arekmula/autonomous_vehicle,2022-07-01T09:08:31Z,1
161,CARLA_Self-Driving_Vehicle_Control_Project,yymmaa0000/CARLA_Self-Driving_Vehicle_Control_Project,https://github.com/yymmaa0000/CARLA_Self-Driving_Vehicle_Control_Project,2022-05-23T14:35:55Z,0
162,SelfDrivingCar,FredCarvalhoOliveira/SelfDrivingCar,https://github.com/FredCarvalhoOliveira/SelfDrivingCar,2022-10-16T16:30:08Z,0
163,sailboat-playground,gabriel-milan/sailboat-playground,https://github.com/gabriel-milan/sailboat-playground,2023-01-16T11:37:07Z,0
164,PyGame_Robot_Sim,MatteoCarlone/PyGame_Robot_Sim,https://github.com/MatteoCarlone/PyGame_Robot_Sim,2022-11-23T08:18:49Z,0
165,sccav_cbf,Safety-Critical-Control-WIRIN/sccav_cbf,https://github.com/Safety-Critical-Control-WIRIN/sccav_cbf,2023-02-10T01:58:17Z,0
166,Unmanned-surface-vehicle-project,JHJP/Unmanned-surface-vehicle-project,https://github.com/JHJP/Unmanned-surface-vehicle-project,2023-02-21T10:59:17Z,0
167,COMP-767-project,SHITIANYU-hue/COMP-767-project,https://github.com/SHITIANYU-hue/COMP-767-project,2022-08-11T15:07:33Z,0
168,ROS_Autonomous_Driving,theoh-io/ROS_Autonomous_Driving,https://github.com/theoh-io/ROS_Autonomous_Driving,2023-03-06T08:49:19Z,3
169,redlight_approach,basilforlife/redlight_approach,https://github.com/basilforlife/redlight_approach,2023-03-07T16:41:05Z,0
170,rh_ros,RhinohawkUAV/rh_ros,https://github.com/RhinohawkUAV/rh_ros,2021-09-20T09:01:10Z,0
171,xrl-ppo,imoneoi/xrl-ppo,https://github.com/imoneoi/xrl-ppo,2022-08-17T07:47:23Z,0
172,ai_jetson_nano_car,gordonsolar/ai_jetson_nano_car,https://github.com/gordonsolar/ai_jetson_nano_car,2022-12-28T13:59:03Z,0
173,DMRGCN,InhwanBae/DMRGCN,https://github.com/InhwanBae/DMRGCN,2023-02-16T06:39:16Z,0
174,thesis-engine-sounds,benperche/thesis-engine-sounds,https://github.com/benperche/thesis-engine-sounds,2023-01-02T10:35:11Z,0
175,autonomous-movement-using-lidar-data,mftnakrsu/autonomous-movement-using-lidar-data,https://github.com/mftnakrsu/autonomous-movement-using-lidar-data,2022-11-19T18:22:22Z,0
176,ETFmobileRobot,eteskeredzic/ETFmobileRobot,https://github.com/eteskeredzic/ETFmobileRobot,2022-11-10T12:14:45Z,0
177,kaggle-lyft-3d-object-detection-av,Fkaneko/kaggle-lyft-3d-object-detection-av,https://github.com/Fkaneko/kaggle-lyft-3d-object-detection-av,2022-12-17T01:06:46Z,0
178,aws-autonomous-driving-data-lake-mwaa-ros-bag-image-extraction-pipeline,aws-samples/aws-autonomous-driving-data-lake-mwaa-ros-bag-image-extraction-pipeline,https://github.com/aws-samples/aws-autonomous-driving-data-lake-mwaa-ros-bag-image-extraction-pipeline,2022-03-15T08:14:20Z,0
179,Self-Driving-Car,Sagor-Saha/Self-Driving-Car,https://github.com/Sagor-Saha/Self-Driving-Car,2021-09-04T09:36:43Z,0
180,Autonomous_Truck_Robots,arjunGITs/Autonomous_Truck_Robots,https://github.com/arjunGITs/Autonomous_Truck_Robots,2022-11-24T08:28:38Z,0
181,AutoMobility,ftatp/AutoMobility,https://github.com/ftatp/AutoMobility,2022-10-09T03:45:03Z,0
182,motion_planning,ZJUDriving/motion_planning,https://github.com/ZJUDriving/motion_planning,2022-06-17T05:47:48Z,0
183,State-Estimation-and-Localization-for-Self-Driving-Cars,ArthurChenCoding/State-Estimation-and-Localization-for-Self-Driving-Cars,https://github.com/ArthurChenCoding/State-Estimation-and-Localization-for-Self-Driving-Cars,2022-09-15T10:21:19Z,0
184,Autonomous-Vehicle-Motion-Prediction,rbenefo/Autonomous-Vehicle-Motion-Prediction,https://github.com/rbenefo/Autonomous-Vehicle-Motion-Prediction,2022-06-29T03:54:57Z,0
185,Deep_reinforcement_learning_Bachelor_project,abdalla1912mohamed/Deep_reinforcement_learning_Bachelor_project,https://github.com/abdalla1912mohamed/Deep_reinforcement_learning_Bachelor_project,2022-10-16T02:58:34Z,0
186,lib-avstack-core,avstack-lab/lib-avstack-core,https://github.com/avstack-lab/lib-avstack-core,2023-02-08T20:11:25Z,0
187,pilotnet,vishalkrishnads/pilotnet,https://github.com/vishalkrishnads/pilotnet,2023-01-09T06:12:21Z,1
188,ngnet,nghiattran/ngnet,https://github.com/nghiattran/ngnet,2019-06-01T12:03:50Z,0
189,ros2_kitti,daxiongpro/ros2_kitti,https://github.com/daxiongpro/ros2_kitti,2023-02-15T08:53:57Z,1
190,HEVEN_AutonomousCar_2017,HaileyYoon23/HEVEN_AutonomousCar_2017,https://github.com/HaileyYoon23/HEVEN_AutonomousCar_2017,2021-05-05T11:30:25Z,0
191,RL_Integrated-Updraft-Exploitation,ifrunistuttgart/RL_Integrated-Updraft-Exploitation,https://github.com/ifrunistuttgart/RL_Integrated-Updraft-Exploitation,2022-10-13T18:55:35Z,0
192,dmcar-new,jaykay0408/dmcar-new,https://github.com/jaykay0408/dmcar-new,2022-04-16T18:48:43Z,0
193,aeye,kka-na/aeye,https://github.com/kka-na/aeye,2022-11-03T02:03:14Z,0
194,SDcarsLaneDetection,Nazanin1369/SDcarsLaneDetection,https://github.com/Nazanin1369/SDcarsLaneDetection,2018-07-25T17:58:17Z,0
195,autonomous-networking,andrea-gasparini/autonomous-networking,https://github.com/andrea-gasparini/autonomous-networking,2022-12-16T09:09:24Z,0
196,herocars,herolab-uga/herocars,https://github.com/herolab-uga/herocars,2023-02-26T02:09:50Z,0
197,Autonomous-Vehicle,st186/Autonomous-Vehicle,https://github.com/st186/Autonomous-Vehicle,2021-09-03T12:51:51Z,0
198,Equus,UndeadZed/Equus,https://github.com/UndeadZed/Equus,2021-05-20T12:02:46Z,0
199,AutonomousRcCar,maximecharriere/AutonomousRcCar,https://github.com/maximecharriere/AutonomousRcCar,2022-01-18T09:04:21Z,0
200,herocars,herolab-uga/herocars,https://github.com/herolab-uga/herocars,2023-02-26T02:09:50Z,0
201,AutonomousRcCar,maximecharriere/AutonomousRcCar,https://github.com/maximecharriere/AutonomousRcCar,2022-01-18T09:04:21Z,0
202,Autonomous-Vehicle,st186/Autonomous-Vehicle,https://github.com/st186/Autonomous-Vehicle,2021-09-03T12:51:51Z,0
203,Equus,UndeadZed/Equus,https://github.com/UndeadZed/Equus,2021-05-20T12:02:46Z,0
204,nuscenes_visualize,Owen-Liuyuxuan/nuscenes_visualize,https://github.com/Owen-Liuyuxuan/nuscenes_visualize,2023-02-13T08:46:52Z,0
205,hazard-labelling,helmifraser/hazard-labelling,https://github.com/helmifraser/hazard-labelling,2021-05-14T19:43:52Z,0
206,semantic_segmentation,aniketmpatil/semantic_segmentation,https://github.com/aniketmpatil/semantic_segmentation,2023-02-27T07:52:08Z,0
207,Modular-Approach-Self-Driving-Car,abdulrahman-hassanin/Modular-Approach-Self-Driving-Car,https://github.com/abdulrahman-hassanin/Modular-Approach-Self-Driving-Car,2023-01-19T15:55:22Z,0
208,Autonomous-driving-in-Carla,Michal-Kolomanski/Autonomous-driving-in-Carla,https://github.com/Michal-Kolomanski/Autonomous-driving-in-Carla,2022-03-08T02:28:02Z,0
209,AVIS-Engine-Python-API,AvisEngine/AVIS-Engine-Python-API,https://github.com/AvisEngine/AVIS-Engine-Python-API,2022-11-11T14:05:34Z,0
210,Neural-Network-For-Lane-Detection,LevinHinder/Neural-Network-For-Lane-Detection,https://github.com/LevinHinder/Neural-Network-For-Lane-Detection,2022-12-07T08:42:26Z,7
211,Self_driving_Cars,lakchchayam/Self_driving_Cars,https://github.com/lakchchayam/Self_driving_Cars,2021-09-15T08:16:26Z,0
212,Non-Driving-Activiy_recognition,timthegod/Non-Driving-Activiy_recognition,https://github.com/timthegod/Non-Driving-Activiy_recognition,2023-01-28T11:33:51Z,0
213,yolov2-Tiny-Training-for-Object-Detection,voidstring/yolov2-Tiny-Training-for-Object-Detection,https://github.com/voidstring/yolov2-Tiny-Training-for-Object-Detection,2023-02-03T15:21:10Z,0
214,RoboBoat-2019,CRAWlab/RoboBoat-2019,https://github.com/CRAWlab/RoboBoat-2019,2020-05-13T19:31:34Z,0
215,failing-to-learn,umautobots/failing-to-learn,https://github.com/umautobots/failing-to-learn,2021-02-15T14:10:54Z,0
216,lane-detection,kaylaipp/lane-detection,https://github.com/kaylaipp/lane-detection,2022-12-06T21:31:32Z,0
217,VOCOWA,codehack9991/VOCOWA,https://github.com/codehack9991/VOCOWA,2019-06-04T05:38:43Z,0
218,roboboat,CRAWlab/roboboat,https://github.com/CRAWlab/roboboat,2022-03-04T16:08:01Z,0
219,adb,m4tice/adb,https://github.com/m4tice/adb,2022-12-02T11:33:02Z,0
220,DMLAV,cabraile/DMLAV,https://github.com/cabraile/DMLAV,2023-01-28T01:58:09Z,0
221,tricat221,winterbloooom/tricat221,https://github.com/winterbloooom/tricat221,2023-01-18T16:32:08Z,0
222,pac-simulator,manfreddiaz/pac-simulator,https://github.com/manfreddiaz/pac-simulator,2022-01-13T16:30:27Z,0
223,CarND-P2-AdvancedLaneLinesDetection,hossamkhalil01/CarND-P2-AdvancedLaneLinesDetection,https://github.com/hossamkhalil01/CarND-P2-AdvancedLaneLinesDetection,2021-07-18T06:07:46Z,0
224,Reinforcement-learning,A-I-Research-Facility/Reinforcement-learning,https://github.com/A-I-Research-Facility/Reinforcement-learning,2022-01-03T13:52:45Z,0
225,training-adversarial-agents,sampo-kuutti/training-adversarial-agents,https://github.com/sampo-kuutti/training-adversarial-agents,2023-02-08T05:56:34Z,0
226,AI-Recognition,charviis/AI-Recognition,https://github.com/charviis/AI-Recognition,2023-03-06T23:10:23Z,5
227,CarND_T3_P2_Semantic_Segmentation,antevis/CarND_T3_P2_Semantic_Segmentation,https://github.com/antevis/CarND_T3_P2_Semantic_Segmentation,2019-08-27T01:33:04Z,0
228,Traffic-Sign-Classification,kochlisGit/Traffic-Sign-Classification,https://github.com/kochlisGit/Traffic-Sign-Classification,2022-10-17T07:57:59Z,0
229,Road-Lane-Detection-Using-DCNN-CS-670-,ShivakumarValpady/Road-Lane-Detection-Using-DCNN-CS-670-,https://github.com/ShivakumarValpady/Road-Lane-Detection-Using-DCNN-CS-670-,2021-11-22T07:15:29Z,0
230,adversarially-robust-control,sampo-kuutti/adversarially-robust-control,https://github.com/sampo-kuutti/adversarially-robust-control,2022-12-14T03:10:32Z,0
231,sim_traj,umautobots/sim_traj,https://github.com/umautobots/sim_traj,2022-05-26T18:36:19Z,0
232,SOSAV,toruseo/SOSAV,https://github.com/toruseo/SOSAV,2022-08-23T09:21:20Z,0
233,openpilot-falsification,MissMeriel/openpilot-falsification,https://github.com/MissMeriel/openpilot-falsification,2022-10-17T14:28:15Z,0
234,drive,shawpan/drive,https://github.com/shawpan/drive,2019-09-12T22:59:40Z,0
235,Multithreading-in-AirSim-Simulator,EnderUPC/Multithreading-in-AirSim-Simulator,https://github.com/EnderUPC/Multithreading-in-AirSim-Simulator,2020-05-13T19:32:25Z,0
236,pyTrajectoryGenerator,gn02596703/pyTrajectoryGenerator,https://github.com/gn02596703/pyTrajectoryGenerator,2022-07-02T03:25:45Z,0
237,Voiture-Autonome-Virtuelle-VAV--App-Deep-Q-Learning,abdouboutiti/Voiture-Autonome-Virtuelle-VAV--App-Deep-Q-Learning,https://github.com/abdouboutiti/Voiture-Autonome-Virtuelle-VAV--App-Deep-Q-Learning,2021-08-04T11:49:48Z,0
238,RL_CrossCountrySoaring,ifrunistuttgart/RL_CrossCountrySoaring,https://github.com/ifrunistuttgart/RL_CrossCountrySoaring,2022-10-11T21:16:06Z,0
239,personal-autonomous-parking-car-raspberry,kziovas/personal-autonomous-parking-car-raspberry,https://github.com/kziovas/personal-autonomous-parking-car-raspberry,2022-01-26T19:50:37Z,0
240,Automated-Negotiation-for-Autonomous-Driving,shoxieje/Automated-Negotiation-for-Autonomous-Driving,https://github.com/shoxieje/Automated-Negotiation-for-Autonomous-Driving,2022-10-02T09:50:19Z,0
241,Car-Behavioral-Cloning,hparik11/Car-Behavioral-Cloning,https://github.com/hparik11/Car-Behavioral-Cloning,2021-04-24T20:13:33Z,0
242,steering_control_using_cnn,abhijitmahalle/steering_control_using_cnn,https://github.com/abhijitmahalle/steering_control_using_cnn,2023-02-26T19:06:46Z,0
243,carla_aebs,ethanmclark1/carla_aebs,https://github.com/ethanmclark1/carla_aebs,2022-10-23T06:34:23Z,0
244,SelfDrivingCarND-BehavioralCloning,ken-power/SelfDrivingCarND-BehavioralCloning,https://github.com/ken-power/SelfDrivingCarND-BehavioralCloning,2022-06-02T01:32:45Z,0
245,Self-driving-car-with-Deep-learning,neerajd12/Self-driving-car-with-Deep-learning,https://github.com/neerajd12/Self-driving-car-with-Deep-learning,2018-02-21T11:33:06Z,0
246,archived-kitti-dataset-road-segmentation,yuan-alex/archived-kitti-dataset-road-segmentation,https://github.com/yuan-alex/archived-kitti-dataset-road-segmentation,2020-03-18T17:42:50Z,0
247,autonomous-vehicles,samarthaggarwal/autonomous-vehicles,https://github.com/samarthaggarwal/autonomous-vehicles,2022-12-23T12:34:10Z,0
248,Micro-Olli,MitchellB23/Micro-Olli,https://github.com/MitchellB23/Micro-Olli,2017-07-13T18:08:50Z,0
249,opencv_lane_detection,ichisadashioko/opencv_lane_detection,https://github.com/ichisadashioko/opencv_lane_detection,2023-01-28T19:14:42Z,0
250,Lyft-Motion-Prediction,GreatGameDota/Lyft-Motion-Prediction,https://github.com/GreatGameDota/Lyft-Motion-Prediction,2021-03-20T10:51:53Z,0
251,DuckieTown,henri-xh/DuckieTown,https://github.com/henri-xh/DuckieTown,2022-07-04T15:23:50Z,0
252,Behavioural-Planner-Obstacle-Avoidance-Using-3d-Semantic-Segmentation-Carla9,marius12233/Behavioural-Planner-Obstacle-Avoidance-Using-3d-Semantic-Segmentation-Carla9,https://github.com/marius12233/Behavioural-Planner-Obstacle-Avoidance-Using-3d-Semantic-Segmentation-Carla9,2022-12-04T02:36:07Z,0
253,Detectron2-ROS,cabraile/Detectron2-ROS,https://github.com/cabraile/Detectron2-ROS,2023-02-21T15:31:35Z,0
254,e2e-rl-longitudinal-control,sampo-kuutti/e2e-rl-longitudinal-control,https://github.com/sampo-kuutti/e2e-rl-longitudinal-control,2022-10-19T12:09:50Z,0
255,MORAI-DriveExample_ROS,MORAI-Autonomous/MORAI-DriveExample_ROS,https://github.com/MORAI-Autonomous/MORAI-DriveExample_ROS,2022-09-16T01:55:55Z,0
256,RAVEV,nykabhishek/RAVEV,https://github.com/nykabhishek/RAVEV,2022-05-06T19:59:46Z,0
257,Steering-Prediction-CNN,anasbadawy/Steering-Prediction-CNN,https://github.com/anasbadawy/Steering-Prediction-CNN,2022-12-25T05:39:32Z,0
258,BehavioralCloning,KushalBKusram/BehavioralCloning,https://github.com/KushalBKusram/BehavioralCloning,2020-10-14T18:03:48Z,0
259,Autonomous_Robot_for_3D_Mapping_and_Object_Detection,kuntojirohan/Autonomous_Robot_for_3D_Mapping_and_Object_Detection,https://github.com/kuntojirohan/Autonomous_Robot_for_3D_Mapping_and_Object_Detection,2021-01-26T09:35:17Z,0
260,CarND-Semantic-Segmentation,abdullaayyad96/CarND-Semantic-Segmentation,https://github.com/abdullaayyad96/CarND-Semantic-Segmentation,2019-04-18T15:39:08Z,0
261,Deep-Learning-Based-Second-Level-Autonomous-Car,FediSalhi/Deep-Learning-Based-Second-Level-Autonomous-Car,https://github.com/FediSalhi/Deep-Learning-Based-Second-Level-Autonomous-Car,2022-10-10T10:38:18Z,0
262,SelfDrivingCarController,Fatiepie/SelfDrivingCarController,https://github.com/Fatiepie/SelfDrivingCarController,2021-04-22T16:15:51Z,0
263,particle-filter-slam,chenfengw/particle-filter-slam,https://github.com/chenfengw/particle-filter-slam,2021-11-17T19:26:25Z,0
264,Vehicle-Detection,railsnoob/Vehicle-Detection,https://github.com/railsnoob/Vehicle-Detection,2018-06-29T21:55:15Z,0
265,ReBound,ajedgley/ReBound,https://github.com/ajedgley/ReBound,2023-02-27T20:23:43Z,0
266,CARLA-behavioural-planner,pepealessio/CARLA-behavioural-planner,https://github.com/pepealessio/CARLA-behavioural-planner,2023-02-20T02:13:48Z,2
267,tello-drone-face-tracker,myoluk/tello-drone-face-tracker,https://github.com/myoluk/tello-drone-face-tracker,2023-03-04T12:45:45Z,0
268,sdc-codebase,dendisuhubdy/sdc-codebase,https://github.com/dendisuhubdy/sdc-codebase,2020-04-07T17:10:58Z,0
269,uas-nyx,o-gent/uas-nyx,https://github.com/o-gent/uas-nyx,2023-01-28T01:57:58Z,0
270,CarlaSimulator-Playground,Matesxs/CarlaSimulator-Playground,https://github.com/Matesxs/CarlaSimulator-Playground,2021-09-30T20:59:32Z,0
271,PMoE,mhnazeri/PMoE,https://github.com/mhnazeri/PMoE,2022-07-10T17:02:38Z,0
272,real-time-shape-detection,aysekonus/real-time-shape-detection,https://github.com/aysekonus/real-time-shape-detection,2023-01-03T03:17:00Z,3
273,ParticleFilter_UpdraftEstimator,ifrunistuttgart/ParticleFilter_UpdraftEstimator,https://github.com/ifrunistuttgart/ParticleFilter_UpdraftEstimator,2022-10-12T12:06:07Z,0
274,ibag,daohu527/ibag,https://github.com/daohu527/ibag,2022-04-01T08:35:34Z,0
275,CarND-Advanced-Lane-Lines,abdullaayyad96/CarND-Advanced-Lane-Lines,https://github.com/abdullaayyad96/CarND-Advanced-Lane-Lines,2019-04-16T03:15:54Z,0
276,Understanding-RL-CARLA,t-owl/Understanding-RL-CARLA,https://github.com/t-owl/Understanding-RL-CARLA,2022-03-31T07:19:23Z,0
277,LiDAR-Obstacle-Detection-Udacity,Swaraj-72/LiDAR-Obstacle-Detection-Udacity,https://github.com/Swaraj-72/LiDAR-Obstacle-Detection-Udacity,2022-06-03T20:52:21Z,0
278,Motion-Planning-Tracking,KshitijBhat/Motion-Planning-Tracking,https://github.com/KshitijBhat/Motion-Planning-Tracking,2021-10-02T10:14:55Z,0
279,lane-detection,abhijitmahalle/lane-detection,https://github.com/abhijitmahalle/lane-detection,2023-02-28T18:56:16Z,0
280,II2202-Project_Shortest-Path-Algorithms-based-Path-Planning-for-Autonomous-Vehicles,plhsu19/II2202-Project_Shortest-Path-Algorithms-based-Path-Planning-for-Autonomous-Vehicles,https://github.com/plhsu19/II2202-Project_Shortest-Path-Algorithms-based-Path-Planning-for-Autonomous-Vehicles,2020-11-15T18:12:24Z,0
281,density_MP,LauraLue/density_MP,https://github.com/LauraLue/density_MP,2022-09-28T15:34:46Z,0
282,PathPlanning-withGeneticAI,estods3/PathPlanning-withGeneticAI,https://github.com/estods3/PathPlanning-withGeneticAI,2023-02-01T02:50:41Z,0
283,weakly-supervised-rl-highway-driving,sampo-kuutti/weakly-supervised-rl-highway-driving,https://github.com/sampo-kuutti/weakly-supervised-rl-highway-driving,2022-07-11T14:52:48Z,0
284,truck-detector,salazaru/truck-detector,https://github.com/salazaru/truck-detector,2022-09-05T10:32:01Z,0
285,Driver-Behavioral-Cloning,jfoshea/Driver-Behavioral-Cloning,https://github.com/jfoshea/Driver-Behavioral-Cloning,2022-03-13T20:06:36Z,0
286,PUBAD,HowieMa/PUBAD,https://github.com/HowieMa/PUBAD,2021-08-31T04:33:54Z,0
287,robotics-python,minkj1992/robotics-python,https://github.com/minkj1992/robotics-python,2022-06-10T03:35:13Z,0
288,dnn-driven-av-safety-cages,sampo-kuutti/dnn-driven-av-safety-cages,https://github.com/sampo-kuutti/dnn-driven-av-safety-cages,2022-07-11T14:50:41Z,0
289,adversarial-mixture-density-networks,sampo-kuutti/adversarial-mixture-density-networks,https://github.com/sampo-kuutti/adversarial-mixture-density-networks,2022-07-11T14:54:16Z,0
290,CarND-AdvancedLaneLines-P4,alex-lechner/CarND-AdvancedLaneLines-P4,https://github.com/alex-lechner/CarND-AdvancedLaneLines-P4,2019-09-27T06:57:07Z,0
291,LaneDetection,soumilchugh/LaneDetection,https://github.com/soumilchugh/LaneDetection,2021-01-27T19:32:12Z,0
292,DL-DAS,bariscankurtkaya/DL-DAS,https://github.com/bariscankurtkaya/DL-DAS,2022-10-22T16:21:58Z,0
293,Risk-Aware-Scene-Generation-CPS,scope-lab-vu/Risk-Aware-Scene-Generation-CPS,https://github.com/scope-lab-vu/Risk-Aware-Scene-Generation-CPS,2022-02-21T21:26:16Z,0
294,Simulated_SelfDriving_Car,Confusezius/Simulated_SelfDriving_Car,https://github.com/Confusezius/Simulated_SelfDriving_Car,2020-05-26T19:01:00Z,0
295,Pronet-Self-Driving-Car,PronetAI/Pronet-Self-Driving-Car,https://github.com/PronetAI/Pronet-Self-Driving-Car,2022-05-03T03:18:32Z,0
296,aiml-project,nopesir/aiml-project,https://github.com/nopesir/aiml-project,2020-04-30T17:42:35Z,0
297,lane-navigation,hharting14/lane-navigation,https://github.com/hharting14/lane-navigation,2022-12-13T12:47:57Z,0
298,Cabot-Part-1,zenetio/Cabot-Part-1,https://github.com/zenetio/Cabot-Part-1,2021-07-19T18:45:31Z,0
299,LEO_PROJECT,AYUSH-ISHAN/LEO_PROJECT,https://github.com/AYUSH-ISHAN/LEO_PROJECT,2022-03-21T05:38:00Z,0
300,Self-Driving-Car,Satyam4229/Self-Driving-Car,https://github.com/Satyam4229/Self-Driving-Car,2023-02-05T07:41:41Z,0
301,CADD-E,KU-EECS-581-Self-Driving-Golfcart/CADD-E,https://github.com/KU-EECS-581-Self-Driving-Golfcart/CADD-E,2023-01-12T21:04:14Z,0
302,eyesoncar,maniac0112/eyesoncar,https://github.com/maniac0112/eyesoncar,2022-07-03T06:35:39Z,0
303,carlo,Chris1nexus/carlo,https://github.com/Chris1nexus/carlo,2022-11-25T15:47:04Z,0
304,CarND-BehavioralCloning-P3,alex-lechner/CarND-BehavioralCloning-P3,https://github.com/alex-lechner/CarND-BehavioralCloning-P3,2018-12-21T11:28:23Z,0
305,Remote-Controlled-Smart-Rover,Sumit3301/Remote-Controlled-Smart-Rover,https://github.com/Sumit3301/Remote-Controlled-Smart-Rover,2021-12-08T09:29:47Z,0
306,behavioral-cloning,zmandyhe/behavioral-cloning,https://github.com/zmandyhe/behavioral-cloning,2019-01-23T20:11:43Z,0
307,AutonomousCars-DrivingBehaviorCloning,vinny-palumbo/AutonomousCars-DrivingBehaviorCloning,https://github.com/vinny-palumbo/AutonomousCars-DrivingBehaviorCloning,2017-04-22T03:23:41Z,0
308,AI_Robotics_Udacity,KhrulSergey/AI_Robotics_Udacity,https://github.com/KhrulSergey/AI_Robotics_Udacity,2019-03-30T20:34:31Z,0
309,matsimDataGenerator,davidvelascogarcia/matsimDataGenerator,https://github.com/davidvelascogarcia/matsimDataGenerator,2022-02-03T16:54:38Z,0
310,JetRat,sudharsan-007/JetRat,https://github.com/sudharsan-007/JetRat,2023-02-15T12:02:36Z,0
311,Food_Collector,italoh623/Food_Collector,https://github.com/italoh623/Food_Collector,2021-07-03T06:04:26Z,0
312,bootcamp_launch,shineyruan/bootcamp_launch,https://github.com/shineyruan/bootcamp_launch,2023-01-28T01:46:55Z,0
313,matsimVoronoiGenerator,davidvelascogarcia/matsimVoronoiGenerator,https://github.com/davidvelascogarcia/matsimVoronoiGenerator,2022-02-03T16:55:16Z,0
314,SDCND_Advanced_Lane_Finding,j-rilling/SDCND_Advanced_Lane_Finding,https://github.com/j-rilling/SDCND_Advanced_Lane_Finding,2019-09-25T12:37:15Z,0
315,BFMC2020.Helga,diaconuccalin/BFMC2020.Helga,https://github.com/diaconuccalin/BFMC2020.Helga,2022-12-08T04:15:27Z,0
316,single-object-tracking,samuki/single-object-tracking,https://github.com/samuki/single-object-tracking,2021-06-21T23:23:31Z,0
317,contest-avd-2021,dev-guys-unisa/contest-avd-2021,https://github.com/dev-guys-unisa/contest-avd-2021,2021-09-22T09:19:14Z,0
318,Autonomous-Car,ahmedFarouk2020/Autonomous-Car,https://github.com/ahmedFarouk2020/Autonomous-Car,2022-09-18T11:18:24Z,0
319,RL-Metadrive,ineogi2/RL-Metadrive,https://github.com/ineogi2/RL-Metadrive,2023-03-03T05:39:01Z,0
320,synthetic_vehicle_speed_detection-dataset,invett/synthetic_vehicle_speed_detection-dataset,https://github.com/invett/synthetic_vehicle_speed_detection-dataset,2021-05-25T08:58:22Z,0
321,FIR-Trajectory-Prediction,FordCVResearch/FIR-Trajectory-Prediction,https://github.com/FordCVResearch/FIR-Trajectory-Prediction,2023-02-01T18:13:32Z,0
322,RLWithAutonomousDriving,jmscslgroup/RLWithAutonomousDriving,https://github.com/jmscslgroup/RLWithAutonomousDriving,2019-09-10T04:48:51Z,0
323,Autonomous_Vehicles-Projects,imstevenpmwork/Autonomous_Vehicles-Projects,https://github.com/imstevenpmwork/Autonomous_Vehicles-Projects,2021-08-30T15:53:12Z,0
324,Visual-SLAM,HusseinLezzaik/Visual-SLAM,https://github.com/HusseinLezzaik/Visual-SLAM,2021-05-02T08:55:02Z,0
325,PyGroundSegmentation,JonasHablitzel/PyGroundSegmentation,https://github.com/JonasHablitzel/PyGroundSegmentation,2023-01-30T21:47:28Z,0
326,autonomous-driving-simulated,abh006/autonomous-driving-simulated,https://github.com/abh006/autonomous-driving-simulated,2020-07-16T14:55:51Z,0
327,PruneSeg,watsonkm/PruneSeg,https://github.com/watsonkm/PruneSeg,2018-03-23T07:02:43Z,0
328,self-driving-car-course,n-meunier/self-driving-car-course,https://github.com/n-meunier/self-driving-car-course,2020-05-13T12:03:36Z,0
329,Advanced-Lane-Finding,hjhardik/Advanced-Lane-Finding,https://github.com/hjhardik/Advanced-Lane-Finding,2021-10-27T11:16:44Z,0
330,autonomous-vehicle-testbed,RidgeX/autonomous-vehicle-testbed,https://github.com/RidgeX/autonomous-vehicle-testbed,2022-02-13T08:40:20Z,0
331,Avionics-code,AzA-Avionics/Avionics-code,https://github.com/AzA-Avionics/Avionics-code,2022-01-02T08:56:21Z,0
332,DQN_Autonomous_Driving_Carla,imsrinin/DQN_Autonomous_Driving_Carla,https://github.com/imsrinin/DQN_Autonomous_Driving_Carla,2022-12-13T21:31:07Z,0
333,Self-Driving-Car,somjit101/Self-Driving-Car,https://github.com/somjit101/Self-Driving-Car,2021-11-23T05:25:45Z,0
334,CarND-Behavioral-Cloning-P3,vilion/CarND-Behavioral-Cloning-P3,https://github.com/vilion/CarND-Behavioral-Cloning-P3,2017-11-12T09:23:08Z,0
335,SHIVA,ismokaka/SHIVA,https://github.com/ismokaka/SHIVA,2018-09-03T11:31:04Z,0
336,CarND-SemanticSegmentation-P12,alex-lechner/CarND-SemanticSegmentation-P12,https://github.com/alex-lechner/CarND-SemanticSegmentation-P12,2018-09-13T21:35:44Z,0
337,autonomous_drone_tracking_tank,sahilbadyal/autonomous_drone_tracking_tank,https://github.com/sahilbadyal/autonomous_drone_tracking_tank,2020-07-13T01:09:52Z,0
338,Urban-Test-Generator-Fuel-Scoring-Function,masskro0/Urban-Test-Generator-Fuel-Scoring-Function,https://github.com/masskro0/Urban-Test-Generator-Fuel-Scoring-Function,2021-11-10T12:04:45Z,1
339,autonoPi,ogaskell/autonoPi,https://github.com/ogaskell/autonoPi,2022-01-11T11:03:34Z,0
340,NavSelfDrivingMachines,lucasrsilva95/NavSelfDrivingMachines,https://github.com/lucasrsilva95/NavSelfDrivingMachines,2022-02-18T18:11:27Z,0
341,autonomous-vehicle,javierb07/autonomous-vehicle,https://github.com/javierb07/autonomous-vehicle,2021-01-26T19:04:03Z,0
342,Autonomous_Recognition_Mapping,dwil2444/Autonomous_Recognition_Mapping,https://github.com/dwil2444/Autonomous_Recognition_Mapping,2021-12-14T02:34:29Z,0
343,CARL-dataset,aatiibutt/CARL-dataset,https://github.com/aatiibutt/CARL-dataset,2022-09-28T12:21:24Z,0
344,Semantic-Segmentation,zeeshananjumjunaidi/Semantic-Segmentation,https://github.com/zeeshananjumjunaidi/Semantic-Segmentation,2021-05-04T12:04:08Z,0
345,VehicleEstimation,Fatiepie/VehicleEstimation,https://github.com/Fatiepie/VehicleEstimation,2020-10-16T08:44:20Z,0
346,DeepPath,Canadianbassist28/DeepPath,https://github.com/Canadianbassist28/DeepPath,2020-06-05T18:39:36Z,0
347,matsimNetGenerator,davidvelascogarcia/matsimNetGenerator,https://github.com/davidvelascogarcia/matsimNetGenerator,2022-02-03T16:54:51Z,0
348,fsds_client,EPFL-RT-Driverless/fsds_client,https://github.com/EPFL-RT-Driverless/fsds_client,2023-01-18T15:49:55Z,0
349,PEACE,jinwoo7/PEACE,https://github.com/jinwoo7/PEACE,2018-08-02T21:02:58Z,0
350,aivd-2019,michaelpolinski/aivd-2019,https://github.com/michaelpolinski/aivd-2019,2019-07-22T19:27:17Z,0
351,Image2Depth,stablegradients/Image2Depth,https://github.com/stablegradients/Image2Depth,2019-12-19T21:36:01Z,0
352,Autonomous-Car-Pi,RayanAziz/Autonomous-Car-Pi,https://github.com/RayanAziz/Autonomous-Car-Pi,2022-09-30T11:28:31Z,0
353,CarPlatooning,pedroivovasconcelos/CarPlatooning,https://github.com/pedroivovasconcelos/CarPlatooning,2021-07-31T20:54:20Z,0
354,RoboCar_Platform,bierschi/RoboCar_Platform,https://github.com/bierschi/RoboCar_Platform,2021-12-30T14:58:51Z,0
355,cad2cav_revit_plugins,shineyruan/cad2cav_revit_plugins,https://github.com/shineyruan/cad2cav_revit_plugins,2021-12-14T18:01:39Z,0
356,MORAI-DriveExample_UDP,MORAI-Autonomous/MORAI-DriveExample_UDP,https://github.com/MORAI-Autonomous/MORAI-DriveExample_UDP,2022-06-28T06:01:13Z,0
357,Lane-Finding,guru182001/Lane-Finding,https://github.com/guru182001/Lane-Finding,2022-04-03T06:25:49Z,0
358,CarND-Semantic-Segmentation,vilion/CarND-Semantic-Segmentation,https://github.com/vilion/CarND-Semantic-Segmentation,2017-11-29T13:19:59Z,0
359,OpenCV_Lanedetection,agakshay/OpenCV_Lanedetection,https://github.com/agakshay/OpenCV_Lanedetection,2020-12-10T12:41:59Z,0
360,matsimConfigGenerator,davidvelascogarcia/matsimConfigGenerator,https://github.com/davidvelascogarcia/matsimConfigGenerator,2022-02-03T16:53:40Z,0
361,carla-vehicle-testing,hitabm/carla-vehicle-testing,https://github.com/hitabm/carla-vehicle-testing,2021-12-19T17:54:20Z,0
362,smart-AI-autonomous-drone,Prabhdeep1999/smart-AI-autonomous-drone,https://github.com/Prabhdeep1999/smart-AI-autonomous-drone,2022-07-02T20:47:25Z,0
363,CarND-VehicleDetection-P5,alex-lechner/CarND-VehicleDetection-P5,https://github.com/alex-lechner/CarND-VehicleDetection-P5,2018-09-13T21:54:58Z,0
364,FCND-Backyard-Flyer,eugenn/FCND-Backyard-Flyer,https://github.com/eugenn/FCND-Backyard-Flyer,2018-06-11T11:23:53Z,0
365,ubermaton,aleksarias/ubermaton,https://github.com/aleksarias/ubermaton,2019-09-25T21:19:03Z,0
366,Lane-Detection,tanmay2298/Lane-Detection,https://github.com/tanmay2298/Lane-Detection,2020-07-10T15:35:29Z,0
367,velo_from_video,ashar6194/velo_from_video,https://github.com/ashar6194/velo_from_video,2019-04-15T06:51:08Z,0
368,Behavioural-Planner-Obstacle-Avoidance-Carla8,marius12233/Behavioural-Planner-Obstacle-Avoidance-Carla8,https://github.com/marius12233/Behavioural-Planner-Obstacle-Avoidance-Carla8,2021-12-23T16:32:46Z,0
369,ORG_AutonomousUAV,solanoctua/ORG_AutonomousUAV,https://github.com/solanoctua/ORG_AutonomousUAV,2022-03-11T19:28:43Z,0
370,ENVIRONMENT_REPRESENTATION_USING_RADAR,UditBhaskar19/ENVIRONMENT_REPRESENTATION_USING_RADAR,https://github.com/UditBhaskar19/ENVIRONMENT_REPRESENTATION_USING_RADAR,2023-01-31T07:48:59Z,0
371,Hands-Free,directedbyshawn/Hands-Free,https://github.com/directedbyshawn/Hands-Free,2022-12-12T17:55:03Z,0
372,Network-Research-2018,DavidNaumann/Network-Research-2018,https://github.com/DavidNaumann/Network-Research-2018,2019-10-10T20:43:10Z,0
373,3D-Object-Detection,jaswanthbjk/3D-Object-Detection,https://github.com/jaswanthbjk/3D-Object-Detection,2021-08-05T17:28:06Z,0
374,pathgan_pytorch,d1024choi/pathgan_pytorch,https://github.com/d1024choi/pathgan_pytorch,2022-07-26T03:51:42Z,0
375,Autonomous-Vehicle-Steering-using-YOLO-4,Saketspradhan/Autonomous-Vehicle-Steering-using-YOLO-4,https://github.com/Saketspradhan/Autonomous-Vehicle-Steering-using-YOLO-4,2022-06-17T08:32:31Z,0
376,matsimPlansGenerator,davidvelascogarcia/matsimPlansGenerator,https://github.com/davidvelascogarcia/matsimPlansGenerator,2022-02-03T16:55:03Z,0
377,AutonomousParallelParking-UsingKNN,abdulkadrtr/AutonomousParallelParking-UsingKNN,https://github.com/abdulkadrtr/AutonomousParallelParking-UsingKNN,2023-03-06T09:09:48Z,0
378,sdcar,wilfredgithuka/sdcar,https://github.com/wilfredgithuka/sdcar,2019-05-11T11:57:41Z,0
379,autonomous-rc-car,dinocajic/autonomous-rc-car,https://github.com/dinocajic/autonomous-rc-car,2021-04-26T23:23:09Z,0
380,FCSCarla,shuy98/FCSCarla,https://github.com/shuy98/FCSCarla,2019-12-03T01:42:54Z,0
381,kitti-rosbag-utils,apresland/kitti-rosbag-utils,https://github.com/apresland/kitti-rosbag-utils,2021-11-08T13:45:36Z,0
382,Lidar-Mapping-A-star-Path-Planning,TThibeau/Lidar-Mapping-A-star-Path-Planning,https://github.com/TThibeau/Lidar-Mapping-A-star-Path-Planning,2022-08-04T09:46:22Z,0
383,LiDAR-Spoofing-Forensics-Datasets,Allenpandas/LiDAR-Spoofing-Forensics-Datasets,https://github.com/Allenpandas/LiDAR-Spoofing-Forensics-Datasets,2023-02-16T16:00:00Z,0
384,ReggieBot,Gavintime/ReggieBot,https://github.com/Gavintime/ReggieBot,2023-03-02T23:52:02Z,0
385,generative-cars,AleTM1/generative-cars,https://github.com/AleTM1/generative-cars,2021-04-14T11:18:10Z,0
386,Behaviour-cloning,guru182001/Behaviour-cloning,https://github.com/guru182001/Behaviour-cloning,2022-04-02T06:12:04Z,0
387,Monocular-camera-3D-object-detection,AmrZaki98/Monocular-camera-3D-object-detection,https://github.com/AmrZaki98/Monocular-camera-3D-object-detection,2022-10-10T12:39:49Z,0
388,Autonomous-Vehicle-System,naveen21553/Autonomous-Vehicle-System,https://github.com/naveen21553/Autonomous-Vehicle-System,2020-10-07T15:17:41Z,0
389,hough-circle-traffic-light,jordankzf/hough-circle-traffic-light,https://github.com/jordankzf/hough-circle-traffic-light,2021-01-12T08:49:28Z,0
390,pure-pursuit,yahsiuhsieh/pure-pursuit,https://github.com/yahsiuhsieh/pure-pursuit,2021-10-30T04:29:27Z,0
391,matsimDataAdapter,davidvelascogarcia/matsimDataAdapter,https://github.com/davidvelascogarcia/matsimDataAdapter,2022-02-03T16:54:26Z,0
392,MotionPlaningForSelfDrivingCars,lucasrsilva95/MotionPlaningForSelfDrivingCars,https://github.com/lucasrsilva95/MotionPlaningForSelfDrivingCars,2022-02-25T19:24:31Z,0
393,cad2cav_simulator,shineyruan/cad2cav_simulator,https://github.com/shineyruan/cad2cav_simulator,2021-09-13T05:24:40Z,0
394,Self-Driving-RC-car,AntonioCervantes/Self-Driving-RC-car,https://github.com/AntonioCervantes/Self-Driving-RC-car,2022-11-13T20:11:53Z,0
395,Self-driving-cars,Peyxw/Self-driving-cars,https://github.com/Peyxw/Self-driving-cars,2021-07-23T23:06:55Z,0
396,Autonomous_car_behavioural_cloning,Anuhya101/Autonomous_car_behavioural_cloning,https://github.com/Anuhya101/Autonomous_car_behavioural_cloning,2022-03-11T07:28:16Z,0
397,CarND-Behavioral-Cloning-Project-4,myresearch-ai/CarND-Behavioral-Cloning-Project-4,https://github.com/myresearch-ai/CarND-Behavioral-Cloning-Project-4,2021-08-17T02:44:47Z,0
398,End-to-End-Behavioral-Cloning,TurtleTaco/End-to-End-Behavioral-Cloning,https://github.com/TurtleTaco/End-to-End-Behavioral-Cloning,2018-05-12T00:14:39Z,0
399,Defects4DL,MissMeriel/Defects4DL,https://github.com/MissMeriel/Defects4DL,2022-07-20T16:38:26Z,0
